Account,ID,Created,Posts,Reputation,Vests
illisium,1193501,2019-01-10T04:02:36,0,0,30.079472
lifeinmono,1193574,2019-01-10T04:47:57,0,0,0
utashed,1194819,2019-01-10T20:42:45,0,0,0
ughom,1194821,2019-01-10T20:44:51,0,0,0
otashik,1194825,2019-01-10T20:47:48,0,0,0
fentipun,1194831,2019-01-10T20:50:18,0,0,0
ongatong,1194835,2019-01-10T20:55:24,0,0,0
haimora,1194841,2019-01-10T20:58:39,0,0,0
duromyed,1194847,2019-01-10T21:01:54,0,0,0
andeneda,1195318,2019-01-11T09:23:30,0,0,0
astusi,1195322,2019-01-11T09:26:51,0,0,0
iseserout,1195325,2019-01-11T09:29:30,0,0,0
protevangelium,1198509,2019-01-15T05:48:45,1,7736572,0
restacked,1198510,2019-01-15T05:49:39,1,6024417,0
prolocutrix,1198514,2019-01-15T05:53:00,1,7665814,0
incidentless,1198515,2019-01-15T05:53:54,2,772712361,60.172757
thuggery,1198516,2019-01-15T05:54:42,1,6071106,6.019214
desulfurize,1198517,2019-01-15T05:55:36,2,6149460,4.012322
thumpers,1198518,2019-01-15T05:56:21,1,5921038,0
whittener,1198971,2019-01-15T22:27:12,1,5764293,6.019214
fanaticisms,1198974,2019-01-15T22:28:39,1,6188955,2.006404
unchaptered,1198975,2019-01-15T22:29:36,1,6157649,0
germanies,1198976,2019-01-15T22:30:27,2,776102370,60.172092
quiniretin,1198979,2019-01-15T22:31:06,1,7227130,0
geographical,1198982,2019-01-15T22:31:57,2,774007751,58.166357
underoxidising,1198984,2019-01-15T22:33:51,1,7387405,6.019214
exploitation,1198985,2019-01-15T22:35:09,2,769969429,58.166361
zygodactylous,1198986,2019-01-15T22:35:57,1,7212810,0
floodproof,1198988,2019-01-15T22:36:30,2,825007107,74.216261
evanescing,1198990,2019-01-15T22:37:15,2,760346933,58.166364
spadebone,1198992,2019-01-15T22:37:54,1,5792366,0
stilpnomelane,1198998,2019-01-15T22:39:57,1,7469014,0
sleepiness,1199000,2019-01-15T22:40:33,1,7454352,0
intersqueezing,1199001,2019-01-15T22:41:21,1,6034370,0
dolorous,1199003,2019-01-15T22:42:06,2,777507500,62.178511
floppies,1199005,2019-01-15T22:43:12,2,775521148,58.166359
interstrove,1199006,2019-01-15T22:44:03,1,7695023,0
mightful,1199007,2019-01-15T22:44:54,2,1855826119,2.007526
reciprocatist,1199008,2019-01-15T22:45:36,1,7587315,0
historician,1200023,2019-01-17T06:30:30,0,0,0
verberate,1200073,2019-01-17T07:47:12,1,6170563,0
gentianic,1200076,2019-01-17T07:47:18,2,8093131,0
intercohesion,1200075,2019-01-17T07:47:18,2,1176547943,90.258133
undesired,1200077,2019-01-17T07:47:21,1,6017455,0
unbrittle,1200080,2019-01-17T07:47:27,1,5984799,2.006404
zizzling,1200081,2019-01-17T07:47:30,1,5848000,0
usurpingly,1200082,2019-01-17T07:47:30,1,5866082,0
tinniest,1200084,2019-01-17T07:47:36,1,5871051,0
superrefined,1200087,2019-01-17T07:47:42,1,5932485,0
gravamem,1200091,2019-01-17T07:47:48,2,816962416,62.177827
excruciatingly,1200092,2019-01-17T07:47:51,2,816990690,62.177836
snakeproof,1200844,2019-01-17T22:38:42,0,0,2.006404
isovanillic,1200845,2019-01-17T22:38:45,0,0,0
significantly,1200846,2019-01-17T22:38:48,1,10465069,0
sarcelle,1200847,2019-01-17T22:38:51,0,0,0
unemolumented,1200848,2019-01-17T22:38:54,1,10485761,0
parishes,1200849,2019-01-17T22:38:57,1,10446401,0
reddsman,1200850,2019-01-17T22:39:00,0,0,0
mycologize,1200851,2019-01-17T22:39:03,1,9180634,6.019214
importunacy,1200852,2019-01-17T22:39:06,0,0,6.019214
lactoglobulin,1200853,2019-01-17T22:39:09,1,9196907,0
proholiday,1200854,2019-01-17T22:39:12,0,0,0
insorbent,1200855,2019-01-17T22:39:15,0,0,0
exopoditic,1200856,2019-01-17T22:39:18,2,12153981,0
preinoculating,1200857,2019-01-17T22:39:21,1,10427630,0
laniards,1200858,2019-01-17T22:39:24,1,9213070,0
epruinose,1200860,2019-01-17T22:39:30,0,0,6.019214
stereoed,1200861,2019-01-17T22:39:33,0,0,0
postlabial,1200862,2019-01-17T22:39:36,1,9165386,0
suspensely,1201002,2019-01-18T03:32:36,1,9238946,2.006404
herbaria,1201003,2019-01-18T03:32:39,1,9258032,10.031536
lamblike,1201004,2019-01-18T03:32:45,1,9220747,0
splother,1201005,2019-01-18T03:32:48,0,0,0
zoanthacean,1201006,2019-01-18T03:32:51,0,0,4.012322
perceivancy,1201007,2019-01-18T03:32:57,1,9152152,0
momentany,1201008,2019-01-18T03:33:00,0,0,4.012322
laryngitis,1201009,2019-01-18T03:33:06,1,9289786,12.038428
underseeing,1201010,2019-01-18T03:33:09,0,0,0
moratorium,1201011,2019-01-18T03:33:12,1,9275312,0
crushablenes,1201012,2019-01-18T03:33:18,0,0,6.019214
restrictively,1201013,2019-01-18T03:33:21,0,0,0
topssmelt,1201014,2019-01-18T03:33:24,0,0,12.038428
fumbling,1201016,2019-01-18T03:33:33,0,0,0
superstratum,1201018,2019-01-18T03:33:42,0,0,0
executor,1201019,2019-01-18T03:33:45,0,0,0
incogitance,1201020,2019-01-18T03:33:48,0,0,0
desirability,1201021,2019-01-18T03:33:54,0,0,6.019214
prebendary,1201022,2019-01-18T03:33:57,0,0,0
encrustation,1201023,2019-01-18T03:34:00,0,0,0
counterview,1201024,2019-01-18T03:34:06,0,0,0
piggishness,1201025,2019-01-18T03:34:09,0,0,2.006404
unnutritive,1201026,2019-01-18T03:34:15,0,0,0
chorography,1201027,2019-01-18T03:34:18,0,0,0
inordinance,1201028,2019-01-18T03:34:21,0,0,0
unnacreous,1201029,2019-01-18T03:34:27,0,0,0
peritomous,1201030,2019-01-18T03:34:30,0,0,0
reproduce,1201032,2019-01-18T03:34:39,0,0,6.019214
sprittie,1201033,2019-01-18T03:34:42,0,0,0
consanguinean,1201034,2019-01-18T03:34:48,0,0,0
ichthyismus,1201035,2019-01-18T03:34:51,0,0,0
imitational,1201037,2019-01-18T03:35:00,0,0,0
centennial,1201941,2019-01-19T10:29:09,0,0,0
overspend,1202184,2019-01-19T17:26:48,0,0,10.031536
snowshoing,1202188,2019-01-19T17:27:51,0,0,4.012322
afforced,1202189,2019-01-19T17:28:54,0,0,0
reeducated,1202192,2019-01-19T17:29:57,0,0,0
unoratorically,1202195,2019-01-19T17:31:00,0,0,0
befingered,1203695,2019-01-21T18:00:45,0,0,6.019214
schungite,1203697,2019-01-21T18:02:06,0,0,0
counterpillar,1203701,2019-01-21T18:04:12,0,0,0
interpenetrant,1203702,2019-01-21T18:05:15,0,0,10.032023
windlassed,1203705,2019-01-21T18:07:21,0,0,0
woolulose,1203707,2019-01-21T18:09:27,0,0,6.019214
authorizers,1203715,2019-01-21T18:11:30,0,0,0
lymphostasis,1203716,2019-01-21T18:12:33,0,0,0
sinewless,1203718,2019-01-21T18:13:36,0,0,2.006404
inexportable,1203720,2019-01-21T18:14:39,0,0,2.006404
logolatry,1203722,2019-01-21T18:15:42,0,0,0
trusswork,1203724,2019-01-21T18:16:45,0,0,4.012322
nonperforating,1203726,2019-01-21T18:17:48,0,0,2.006404
rhymester,1203728,2019-01-21T18:18:51,0,0,0
physicologic,1203729,2019-01-21T18:19:54,0,0,0
luncheonette,1203730,2019-01-21T18:20:54,0,0,2.006404
harasser,1203732,2019-01-21T18:21:57,0,0,0
dovecotes,1203733,2019-01-21T18:23:00,0,0,0
triflingly,1203735,2019-01-21T18:24:03,0,0,0
forethinking,1203738,2019-01-21T18:25:06,0,0,0
decommission,1203739,2019-01-21T18:26:09,0,0,0
unreachable,1203741,2019-01-21T18:27:12,0,0,0
effoliate,1203743,2019-01-21T18:28:15,0,0,2.0064
unmanual,1203746,2019-01-21T18:29:15,0,0,0
indeflectible,1203748,2019-01-21T18:30:18,0,0,0
collated,1203749,2019-01-21T18:31:21,0,0,0
deprostrate,1203750,2019-01-21T18:32:24,0,0,6.019214
chloroplastid,1203751,2019-01-21T18:33:27,0,0,0
ctenophore,1203753,2019-01-21T18:34:30,0,0,0
putatively,1203756,2019-01-21T18:35:30,0,0,6.019214
supertutelary,1203759,2019-01-21T18:36:33,0,0,0
pseudodoxy,1203760,2019-01-21T18:37:36,0,0,0
redeflect,1203762,2019-01-21T18:38:39,0,0,0
micrurgical,1203764,2019-01-21T18:40:45,0,0,0
resynthesize,1203767,2019-01-21T18:41:48,0,0,6.019214
demipremiss,1203768,2019-01-21T18:42:51,0,0,0
scelotyrbe,1203770,2019-01-21T18:43:54,0,0,10.031536
undertoned,1203772,2019-01-21T18:44:54,0,0,0
expansive,1203774,2019-01-21T18:45:57,0,0,0
explodes,1203775,2019-01-21T18:47:00,0,0,6.019214
undergeneral,1203777,2019-01-21T18:48:06,0,0,0
hyperovaria,1203779,2019-01-21T18:49:09,0,0,0
incenser,1203781,2019-01-21T18:50:12,0,0,0
speculating,1203783,2019-01-21T18:51:12,0,0,0
adaptability,1203784,2019-01-21T18:52:15,0,0,0
unmedicative,1203785,2019-01-21T18:53:18,0,0,0
nonregistered,1203787,2019-01-21T18:55:24,0,0,0
eurhythmical,1203791,2019-01-21T18:56:27,0,0,0
argentan,1203793,2019-01-21T18:57:27,0,0,6.019214
rootages,1203795,2019-01-21T18:58:30,0,0,2.0064
lavalieres,1203796,2019-01-21T18:59:33,0,0,0
discerption,1203798,2019-01-21T19:00:36,0,0,0
nondyspeptical,1203800,2019-01-21T19:01:39,0,0,4.012322
paraquets,1203803,2019-01-21T19:02:42,0,0,0
speciously,1203806,2019-01-21T19:03:45,0,0,0
boundlessness,1203807,2019-01-21T19:04:48,0,0,0
neckmould,1203809,2019-01-21T19:05:51,0,0,0
mineralising,1203811,2019-01-21T19:06:51,0,0,0
lushburg,1203813,2019-01-21T19:07:54,0,0,0
remailing,1203816,2019-01-21T19:08:57,0,0,2.006404
nonmusic,1203822,2019-01-21T19:11:03,0,0,0
wealthiness,1203824,2019-01-21T19:12:06,0,0,0
nonflaky,1203826,2019-01-21T19:13:09,0,0,0
dispirem,1203828,2019-01-21T19:14:12,0,0,0
incarnated,1203831,2019-01-21T19:15:12,0,0,4.012322
fruitily,1203834,2019-01-21T19:16:15,0,0,6.019214
mistiness,1203835,2019-01-21T19:17:18,0,0,2.006404
sussexite,1203837,2019-01-21T19:18:21,0,0,0
topchrome,1203839,2019-01-21T19:19:24,0,0,0
psychodynamic,1203841,2019-01-21T19:20:27,0,0,0
deformable,1203843,2019-01-21T19:21:27,0,0,2.006404
flatwork,1203845,2019-01-21T19:22:30,0,0,0
sulphoacetic,1203850,2019-01-21T19:24:36,0,0,0
philological,1203852,2019-01-21T19:25:39,0,0,2.006404
nonprotuberant,1203853,2019-01-21T19:26:42,0,0,0
aleucaemic,1203855,2019-01-21T19:27:45,0,0,6.019214
encloser,1203857,2019-01-21T19:29:48,0,0,0
tergolateral,1203859,2019-01-21T19:30:51,0,0,0
dehydrogenized,1203860,2019-01-21T19:31:54,0,0,0
overheadiness,1203863,2019-01-21T19:32:57,0,0,0
pavilions,1203864,2019-01-21T19:34:00,0,0,0
postilion,1203865,2019-01-21T19:35:03,0,0,0
retruding,1203867,2019-01-21T19:37:09,0,0,4.012322
anachronize,1203868,2019-01-21T19:38:09,0,0,0
plerocercoid,1203869,2019-01-21T19:39:12,0,0,0
chrysalidal,1203871,2019-01-21T19:40:18,0,0,0
dulcification,1203874,2019-01-21T19:41:18,0,0,0
crioboly,1204952,2019-01-23T05:06:24,0,0,6.019214
vulgarizer,1204954,2019-01-23T05:08:30,0,0,0
scentproof,1204955,2019-01-23T05:09:36,0,0,2.006404
rejuvenating,1204957,2019-01-23T05:10:39,0,0,0
radiopalmar,1204960,2019-01-23T05:12:45,0,0,6.019214
macrames,1204961,2019-01-23T05:13:48,0,0,0
noctilucous,1204962,2019-01-23T05:14:51,0,0,0
cytomitome,1204964,2019-01-23T05:15:54,0,0,0
ammocetes,1204965,2019-01-23T05:16:57,0,0,0
lathyrism,1204966,2019-01-23T05:18:00,0,0,0
underfire,1204967,2019-01-23T05:19:03,0,0,0
recusator,1204968,2019-01-23T05:20:06,0,0,0
trugmallion,1204970,2019-01-23T05:21:09,0,0,0
pyrostats,1204972,2019-01-23T05:22:15,0,0,0
drawglove,1204974,2019-01-23T05:23:18,0,0,0
reregistering,1204975,2019-01-23T05:24:21,0,0,0
extolment,1204976,2019-01-23T05:25:24,0,0,0
hypaethros,1204979,2019-01-23T05:26:27,0,0,0
aftercoming,1204980,2019-01-23T05:27:33,0,0,0
synteresis,1204982,2019-01-23T05:28:36,0,0,0
pollywog,1204984,2019-01-23T05:29:39,0,0,12.038428
barbitos,1204985,2019-01-23T05:30:42,0,0,6.019214
precancels,1204986,2019-01-23T05:31:45,0,0,0
rootiness,1204990,2019-01-23T05:33:48,0,0,0
sunbelts,1204991,2019-01-23T05:34:51,0,0,0
nightriding,1204992,2019-01-23T05:35:54,0,0,6.019214
gulleting,1204993,2019-01-23T05:36:57,0,0,4.012322
plateresque,1204994,2019-01-23T05:38:00,0,0,0
unsurpassed,1204995,2019-01-23T05:39:03,0,0,0
nontheocratic,1204996,2019-01-23T05:40:06,0,0,0
perioecic,1204997,2019-01-23T05:41:09,0,0,6.019214
conscription,1204998,2019-01-23T05:42:09,0,0,4.012322
semisimious,1204999,2019-01-23T05:43:12,0,0,0
axopodium,1205000,2019-01-23T05:44:15,0,0,0
countian,1205002,2019-01-23T05:45:18,0,0,0
tintinnabulist,1205004,2019-01-23T05:47:24,0,0,0
unsomber,1205007,2019-01-23T05:48:24,0,0,0
subabdominal,1205008,2019-01-23T05:49:27,0,0,0
crepitacula,1205009,2019-01-23T05:50:33,0,0,0
knucklers,1205010,2019-01-23T05:51:33,0,0,6.019214
temporalis,1205013,2019-01-23T05:52:36,0,0,0
procoercion,1205014,2019-01-23T05:53:42,0,0,0
philologize,1205015,2019-01-23T05:54:45,0,0,6.019214
xylotomy,1205016,2019-01-23T05:55:48,0,0,0
spaewright,1205019,2019-01-23T05:57:54,0,0,0
catalineta,1205020,2019-01-23T05:58:57,0,0,0
blackware,1205021,2019-01-23T06:00:03,0,0,0
forncast,1205022,2019-01-23T06:01:06,0,0,0
forlorner,1205025,2019-01-23T06:02:09,0,0,0
protreasurer,1205026,2019-01-23T06:03:12,0,0,0
mournfullest,1205027,2019-01-23T06:04:15,0,0,4.012322
inquieted,1205028,2019-01-23T06:05:18,0,0,0
monohybrid,1205029,2019-01-23T06:06:21,0,0,0
xanthoxylin,1205030,2019-01-23T06:07:24,0,0,0
antisceptic,1205031,2019-01-23T06:08:27,0,0,0
vasosection,1205032,2019-01-23T06:09:30,0,0,0
plaything,1205034,2019-01-23T06:10:33,0,0,0
telautographic,1205036,2019-01-23T06:11:36,0,0,0
ctenoidean,1205037,2019-01-23T06:12:39,0,0,0
perfectionize,1205038,2019-01-23T06:13:42,0,0,0
unclubbable,1205039,2019-01-23T06:14:45,0,0,0
hydroclimate,1205041,2019-01-23T06:15:51,0,0,0
windowpanes,1205043,2019-01-23T06:16:54,0,0,0
intertongue,1205044,2019-01-23T06:17:57,0,0,0
disentraced,1205045,2019-01-23T06:19:00,0,0,0
harassers,1205048,2019-01-23T06:20:03,0,0,0
barebacked,1205050,2019-01-23T06:21:06,0,0,6.019214
pentameter,1205052,2019-01-23T06:22:09,0,0,0
reincreased,1205054,2019-01-23T06:23:15,0,0,6.019214
cocaptain,1205058,2019-01-23T06:26:27,0,0,0
nonlegal,1205059,2019-01-23T06:27:30,0,0,0
psittaceously,1205060,2019-01-23T06:28:33,0,0,0
nonhedonic,1205061,2019-01-23T06:29:36,0,0,0
unpurpled,1205064,2019-01-23T06:30:39,0,0,0
televised,1205066,2019-01-23T06:31:42,0,0,0
palaemonid,1205067,2019-01-23T06:32:45,0,0,2.006404
antispreader,1205068,2019-01-23T06:33:48,0,0,0
oldhearted,1205071,2019-01-23T06:34:51,0,0,0
invoices,1205074,2019-01-23T06:35:54,0,0,6.019214
clamorist,1205075,2019-01-23T06:36:57,0,0,6.019214
generalia,1205076,2019-01-23T06:38:00,0,0,0
tachyphylactic,1205077,2019-01-23T06:39:03,0,0,6.019214
prothalline,1205078,2019-01-23T06:40:09,0,0,16.05075
semicolonially,1205079,2019-01-23T06:41:12,0,0,4.012322
fleabiting,1205081,2019-01-23T06:42:18,0,0,12.038428
arrowwood,1205082,2019-01-23T06:43:21,0,0,0
gasolinic,1205084,2019-01-23T06:44:24,0,0,0
urodeles,1205086,2019-01-23T06:45:27,0,0,0
pedotrophic,1205089,2019-01-23T06:47:39,0,0,0
nematognathous,1205090,2019-01-23T06:48:45,0,0,0
refragment,1205091,2019-01-23T06:49:51,0,0,0
nephrectomized,1205093,2019-01-23T06:51:09,0,0,0
frogeyed,1205094,2019-01-23T06:52:24,0,0,0
ombrellino,1205096,2019-01-23T06:53:27,0,0,4.012322
readaptive,1205097,2019-01-23T06:54:33,0,0,0
peltasts,1205098,2019-01-23T06:55:36,0,0,0
organifier,1205099,2019-01-23T06:56:39,0,0,0
diamidogen,1205100,2019-01-23T06:57:42,0,0,0
featherless,1205102,2019-01-23T06:58:45,0,0,6.019214
precollection,1205105,2019-01-23T07:00:57,0,0,0
diacodion,1205107,2019-01-23T07:02:03,0,0,0
importunator,1205108,2019-01-23T07:03:12,0,0,0
vinculum,1205109,2019-01-23T07:04:15,0,0,0
ederoror,1205284,2019-01-23T11:33:27,0,0,0
sofat,1205290,2019-01-23T11:40:18,0,0,0
unyeti,1205292,2019-01-23T11:44:30,0,0,0
ninguly,1205298,2019-01-23T11:50:51,0,0,0
ridai,1205306,2019-01-23T12:00:24,0,0,0
fararlue,1205314,2019-01-23T12:04:48,0,0,0
sarasto,1205323,2019-01-23T12:10:57,0,0,0
oryow,1205337,2019-01-23T12:19:42,0,0,0
oxcal,1205346,2019-01-23T12:37:03,0,0,0
soumee,1205350,2019-01-23T12:46:30,0,0,0
eghisif,1205356,2019-01-23T12:53:30,0,0,0
eritedede,1205365,2019-01-23T13:05:21,0,0,0
offomm,1205370,2019-01-23T13:14:51,0,0,0
ironkosa,1205371,2019-01-23T13:21:36,0,0,0
lupuimbus,1205382,2019-01-23T13:40:00,0,0,0
macirid,1205385,2019-01-23T13:46:12,0,0,0
edengond,1205388,2019-01-23T13:51:00,0,0,0
lencenayt,1205393,2019-01-23T14:03:09,0,0,0
loffut,1205397,2019-01-23T14:10:09,0,0,0
okerasea,1205401,2019-01-23T14:20:12,0,0,0
newu,1205409,2019-01-23T14:34:57,0,0,0
oweecre,1205415,2019-01-23T14:43:51,0,0,0
smithied,1205653,2019-01-23T20:22:33,0,0,0
overthin,1205655,2019-01-23T20:23:33,0,0,0
opacities,1205656,2019-01-23T20:24:39,0,0,0
yperites,1205658,2019-01-23T20:25:42,0,0,10.031536
internalizes,1205660,2019-01-23T20:27:24,0,0,0
voicelessness,1205661,2019-01-23T20:28:27,0,0,2.006404
prowessed,1205662,2019-01-23T20:29:30,0,0,0
paralegal,1205664,2019-01-23T20:30:36,0,0,6.019214
psychoanalyzes,1205665,2019-01-23T20:31:39,0,0,2.006404
patchleaf,1205666,2019-01-23T20:32:39,0,0,0
periwinkler,1205669,2019-01-23T20:33:45,0,0,0
aerotaxis,1205670,2019-01-23T20:34:48,0,0,2.006404
gonoblast,1205671,2019-01-23T20:35:54,0,0,0
villadoms,1205673,2019-01-23T20:36:54,0,0,0
emplectic,1205675,2019-01-23T20:37:57,0,0,0
unshading,1205677,2019-01-23T20:39:00,0,0,6.019214
stevedored,1205680,2019-01-23T20:40:03,0,0,6.019214
unfamiliarized,1205681,2019-01-23T20:41:06,0,0,0
argentose,1205682,2019-01-23T20:42:09,0,0,0
uncollectibles,1205683,2019-01-23T20:43:15,0,0,0
savageness,1205684,2019-01-23T20:44:21,0,0,0
atamascos,1205685,2019-01-23T20:45:24,0,0,0
diseasefulness,1205686,2019-01-23T20:46:24,2,0,0
owest,1206014,2019-01-24T09:56:21,0,0,0
lalaso,1206020,2019-01-24T10:10:45,0,0,0
digraigs,1206023,2019-01-24T10:17:30,0,0,0
rowasi,1206027,2019-01-24T10:22:54,0,0,0
ilululsen,1206032,2019-01-24T10:33:12,0,0,0
acoon,1206036,2019-01-24T10:42:33,0,0,0
amsisis,1206038,2019-01-24T10:47:30,0,0,0
niongitl,1206045,2019-01-24T11:08:15,0,0,0
gandandi,1206049,2019-01-24T11:18:09,0,0,0
zente,1206050,2019-01-24T11:23:45,0,0,0
prepavement,1207684,2019-01-29T11:24:00,0,0,0
omnipotences,1207686,2019-01-29T11:25:03,0,0,0
fearlessnesses,1207687,2019-01-29T11:26:09,0,0,0
posological,1207688,2019-01-29T11:27:15,0,0,0
tahkhana,1207689,2019-01-29T11:28:21,0,0,0
gitanemuk,1207690,2019-01-29T11:29:24,1,3642615596,252.703006
odontophobia,1207691,2019-01-29T11:30:30,0,0,0
entrainment,1207692,2019-01-29T11:31:36,0,0,0
illegalising,1207693,2019-01-29T11:32:42,0,0,0
yellowhead,1207695,2019-01-29T11:33:48,0,0,0
consulted,1207697,2019-01-29T11:34:51,0,0,0
acondylose,1207698,2019-01-29T11:35:57,0,0,0
immuniser,1207699,2019-01-29T11:37:00,0,0,0
unpridefully,1207700,2019-01-29T11:38:06,0,0,0
pseudogeometry,1207702,2019-01-29T11:39:12,0,0,0
conciator,1207704,2019-01-29T11:40:15,0,0,0
petrification,1207706,2019-01-29T11:41:21,0,0,0
unerrancy,1207708,2019-01-29T11:43:30,0,0,0
hydatoscopy,1207710,2019-01-29T11:45:39,0,0,0
luncheonless,1207711,2019-01-29T11:46:42,0,0,0
oviparously,1207713,2019-01-29T11:47:48,0,0,0
speleological,1207714,2019-01-29T11:48:54,0,0,0
workaway,1207716,2019-01-29T11:50:00,0,0,0
nonpictorial,1207718,2019-01-29T11:51:03,0,0,0
rebranch,1207719,2019-01-29T11:52:09,0,0,0
solvation,1208292,2019-01-30T02:28:03,0,0,0
reprobes,1208295,2019-01-30T02:29:09,0,0,0
unemotive,1208298,2019-01-30T02:30:15,0,0,0
dishable,1208452,2019-01-30T03:53:27,0,0,0
reenjoys,1208459,2019-01-30T03:55:36,0,0,0
pathomania,1208464,2019-01-30T03:56:39,0,0,0
badenite,1208468,2019-01-30T03:57:42,0,0,0
penroseite,1208472,2019-01-30T03:58:45,0,0,0
madrasseh,1208475,2019-01-30T03:59:48,0,0,0
pacificist,1208477,2019-01-30T04:00:54,0,0,0
offsaddle,1208478,2019-01-30T04:01:57,0,0,0
befogged,1208481,2019-01-30T04:03:00,0,0,0
anthologised,1208485,2019-01-30T04:04:00,0,0,0
pachyotia,1208490,2019-01-30T04:05:03,0,0,0
rosedrop,1208493,2019-01-30T04:06:06,0,0,0
undiminishing,1208497,2019-01-30T04:07:09,0,0,0
nonacoustic,1208502,2019-01-30T04:08:12,0,0,0
wonderers,1208510,2019-01-30T04:11:21,0,0,0
unsomnolent,1208512,2019-01-30T04:12:24,0,0,0
gypsologist,1208514,2019-01-30T04:13:27,0,0,0
preformulated,1208517,2019-01-30T04:14:30,0,0,0
entrappingly,1208518,2019-01-30T04:15:33,0,0,0
tetrasepalous,1208521,2019-01-30T04:16:33,0,0,0
vraisemblance,1208523,2019-01-30T04:17:36,0,0,0
overbragging,1208527,2019-01-30T04:18:39,0,0,0
diskless,1208534,2019-01-30T04:20:45,0,0,0
unglamourous,1208539,2019-01-30T04:22:51,0,0,0
calorizes,1208544,2019-01-30T04:23:54,0,0,0
resought,1208549,2019-01-30T04:24:57,0,0,0
colchicia,1208550,2019-01-30T04:25:57,0,0,0
sejunctive,1208553,2019-01-30T04:27:03,0,0,0
downlinked,1208555,2019-01-30T04:28:03,0,0,0
overcompound,1208557,2019-01-30T04:29:06,0,0,0
retransform,1208559,2019-01-30T04:30:09,0,0,0
nondepositor,1208560,2019-01-30T04:31:12,0,0,0
nonaffinities,1208562,2019-01-30T04:32:15,0,0,0
stuprating,1208564,2019-01-30T04:33:18,0,0,0
martyrisation,1208566,2019-01-30T04:34:21,0,0,0
gardenmaker,1208567,2019-01-30T04:35:24,0,0,0
misdescriptive,1208571,2019-01-30T04:36:24,0,0,0
toxicity,1208574,2019-01-30T04:37:27,0,0,0
unqualifyingly,1208578,2019-01-30T04:38:30,0,0,0
unfarmed,1208579,2019-01-30T04:39:33,0,0,0
diphycercy,1208582,2019-01-30T04:40:39,0,0,0
athyroidism,1208584,2019-01-30T04:41:39,0,0,0
solicitously,1208586,2019-01-30T04:42:42,0,0,0
dinghies,1208588,2019-01-30T04:43:45,0,0,0
hymeneal,1208589,2019-01-30T04:44:48,0,0,0
interjoist,1208592,2019-01-30T04:45:51,0,0,0
hemolyzing,1208594,2019-01-30T04:46:54,0,0,0
rootlike,1208600,2019-01-30T04:47:57,0,0,0
erminette,1208603,2019-01-30T04:48:57,0,0,0
anatomiser,1208605,2019-01-30T04:50:00,0,0,0
comprisal,1208607,2019-01-30T04:52:06,0,0,0
celiadelphus,1208609,2019-01-30T04:53:09,0,0,0
barbecuing,1208611,2019-01-30T04:54:12,0,0,0
centimeters,1208613,2019-01-30T04:55:15,0,0,0
panniered,1208616,2019-01-30T04:56:18,0,0,0
geographized,1208618,2019-01-30T04:57:18,0,0,0
agaphite,1208619,2019-01-30T04:58:21,0,0,0
tallowman,1208621,2019-01-30T04:59:24,0,0,0
outribbed,1208623,2019-01-30T05:00:27,0,0,0
homelikeness,1208624,2019-01-30T05:01:30,0,0,0
imbrutes,1208626,2019-01-30T05:02:33,0,0,0
friskily,1208630,2019-01-30T05:03:36,0,0,0
fearable,1208633,2019-01-30T05:04:39,0,0,0
rhizopod,1208635,2019-01-30T05:05:39,0,0,0
cannellate,1208636,2019-01-30T05:06:42,0,0,0
antiphonetic,1208638,2019-01-30T05:07:45,0,0,0
ptarmical,1208641,2019-01-30T05:08:48,0,0,0
belchers,1208645,2019-01-30T05:09:51,0,0,0
pseudonarcotic,1208648,2019-01-30T05:10:54,0,0,0
secluded,1208650,2019-01-30T05:11:57,0,0,0
brittler,1208655,2019-01-30T05:13:00,0,0,0
uncanonise,1208657,2019-01-30T05:14:03,0,0,0
notchwing,1208660,2019-01-30T05:15:06,0,0,0
overdiscount,1208663,2019-01-30T05:16:09,0,0,0
millenaries,1208664,2019-01-30T05:17:12,0,0,0
antikings,1208666,2019-01-30T05:18:15,0,0,0
conniptions,1208671,2019-01-30T05:20:18,0,0,0
sesquiquartile,1208673,2019-01-30T05:21:21,0,0,0
heteropathy,1208674,2019-01-30T05:22:24,0,0,0
unrelaxing,1208676,2019-01-30T05:23:27,0,0,0
terebene,1208677,2019-01-30T05:24:30,0,0,0
teletyper,1208679,2019-01-30T05:25:33,0,0,0
coughers,1208680,2019-01-30T05:26:36,0,0,0
companionizing,1208683,2019-01-30T05:27:39,0,0,0
untamely,1208685,2019-01-30T05:28:42,0,0,0
pubovesical,1208688,2019-01-30T05:29:45,0,0,0
oligaemia,1208690,2019-01-30T05:30:48,0,0,0
gorgoniaceous,1208693,2019-01-30T05:32:51,0,0,0
syllogiser,1208695,2019-01-30T05:33:54,0,0,0
unlearnable,1208696,2019-01-30T05:34:57,0,0,0
zoopantheon,1208697,2019-01-30T05:36:00,0,0,0
leprosariums,1208699,2019-01-30T05:37:03,0,0,0
coinmate,1208701,2019-01-30T05:39:09,0,0,0
sinalbin,1208702,2019-01-30T05:40:12,0,0,0
anthrachrysone,1208703,2019-01-30T05:41:15,0,0,0
butterbur,1208704,2019-01-30T05:42:18,0,0,0
computerise,1208706,2019-01-30T05:43:21,0,0,0
diprismatic,1208707,2019-01-30T05:44:24,0,0,0
oculofrontal,1208712,2019-01-30T05:45:27,0,0,0
notioned,1208714,2019-01-30T05:46:30,0,0,0
steadfastness,1208715,2019-01-30T05:47:33,0,0,0
unintimidating,1208717,2019-01-30T05:48:36,0,0,0
tensimeter,1208720,2019-01-30T05:50:42,0,0,0
obturatory,1208723,2019-01-30T05:51:45,0,0,0
counterpaned,1208724,2019-01-30T05:52:48,0,0,0
unshutter,1208725,2019-01-30T05:53:48,0,0,0
chiffonniers,1208728,2019-01-30T05:54:51,0,0,0
pasteurisation,1208729,2019-01-30T05:55:54,0,0,0
subsovereign,1208730,2019-01-30T05:56:57,0,0,0
milligram,1208731,2019-01-30T05:58:00,0,0,0
semanticists,1208733,2019-01-30T05:59:03,0,0,0
addressor,1208735,2019-01-30T06:00:06,0,0,0
enghosted,1208736,2019-01-30T06:01:12,0,0,0
mutualism,1208737,2019-01-30T06:02:12,0,0,0
scattered,1208739,2019-01-30T06:03:15,0,0,0
neuromere,1208743,2019-01-30T06:04:18,0,0,0
overgilded,1208746,2019-01-30T06:05:21,0,0,0
generalistic,1208749,2019-01-30T06:06:27,0,0,0
benzoylation,1208750,2019-01-30T06:07:27,0,0,0
ostracoderm,1208752,2019-01-30T06:08:30,0,0,0
precornu,1208753,2019-01-30T06:09:33,0,0,0
monitrix,1208755,2019-01-30T06:10:36,0,0,0
unsleepy,1208759,2019-01-30T06:12:42,0,0,0
couratari,1208761,2019-01-30T06:13:45,0,0,0
spooring,1208763,2019-01-30T06:14:48,0,0,0
oviparal,1208764,2019-01-30T06:15:51,0,0,0
banovina,1208766,2019-01-30T06:16:54,0,0,0
cajolement,1208769,2019-01-30T06:19:00,0,0,0
underlight,1208773,2019-01-30T06:21:03,0,0,0
theocratist,1208774,2019-01-30T06:22:06,0,0,0
excogitative,1208776,2019-01-30T06:23:09,0,0,0
surmisedly,1208777,2019-01-30T06:24:12,0,0,0
computably,1208778,2019-01-30T06:25:15,0,0,0
typhinia,1208781,2019-01-30T06:26:18,0,0,0
uncheerfulness,1208784,2019-01-30T06:27:21,0,0,0
hominoids,1208785,2019-01-30T06:28:24,0,0,0
bludgeon,1208786,2019-01-30T06:29:27,0,0,0
dactylozooid,1208787,2019-01-30T06:30:27,0,0,0
reprieved,1208788,2019-01-30T06:31:33,0,0,0
gardevin,1208790,2019-01-30T06:32:36,0,0,0
reentries,1208792,2019-01-30T06:33:36,0,0,0
shantylike,1208795,2019-01-30T06:34:42,0,0,0
parahopeite,1208796,2019-01-30T06:35:45,0,0,0
outweighs,1208797,2019-01-30T06:36:45,0,0,0
copywise,1208798,2019-01-30T06:37:48,0,0,0
transplendency,1208800,2019-01-30T06:38:51,0,0,0
grassiest,1208801,2019-01-30T06:39:54,0,0,0
drynesses,1208803,2019-01-30T06:40:57,0,0,0
gypsydoms,1208804,2019-01-30T06:42:00,0,0,0
anemometric,1208806,2019-01-30T06:43:03,0,0,0
submetaphoric,1208809,2019-01-30T06:44:06,0,0,0
monolithically,1208810,2019-01-30T06:45:09,0,0,0
cribellum,1208811,2019-01-30T06:46:12,0,0,0
nonhabitual,1208812,2019-01-30T06:47:12,0,0,0
seminasal,1208813,2019-01-30T06:48:15,0,0,0
speldring,1208814,2019-01-30T06:49:18,0,0,0
aquativeness,1208816,2019-01-30T06:50:21,0,0,0
craftsmanships,1208817,2019-01-30T06:51:24,0,0,0
emigating,1208819,2019-01-30T06:52:27,0,0,0
unparochialism,1208820,2019-01-30T06:53:30,0,0,0
mediglacial,1208823,2019-01-30T06:54:33,0,0,0
upstater,1208824,2019-01-30T06:55:36,0,0,0
roorback,1208825,2019-01-30T06:56:39,0,0,0
navagium,1208829,2019-01-30T06:57:39,0,0,0
nicotineless,1208830,2019-01-30T06:58:42,0,0,0
signalling,1208833,2019-01-30T06:59:45,0,0,0
uncognisable,1208834,2019-01-30T07:00:48,0,0,0
preadvice,1208838,2019-01-30T07:02:54,0,0,0
unmundified,1208840,2019-01-30T07:03:57,0,0,0
colleter,1208842,2019-01-30T07:05:00,0,0,0
deyhouse,1208847,2019-01-30T07:06:03,0,0,0
involatility,1208848,2019-01-30T07:07:06,0,0,0
transcriptural,1208851,2019-01-30T07:08:09,0,0,0
untransmitted,1208852,2019-01-30T07:09:09,0,0,0
gamesome,1208856,2019-01-30T07:10:12,0,0,0
beggarwoman,1208861,2019-01-30T07:11:15,0,0,0
intersticial,1208865,2019-01-30T07:12:18,0,0,0
quickenbeam,1208866,2019-01-30T07:13:21,0,0,0
oligocythemia,1208871,2019-01-30T07:15:27,0,0,0
depauperized,1208874,2019-01-30T07:16:30,0,0,0
magistrate,1208875,2019-01-30T07:17:33,0,0,0
tessellations,1208877,2019-01-30T07:18:33,0,0,0
homography,1208880,2019-01-30T07:20:39,0,0,0
prognosticable,1208883,2019-01-30T07:21:42,0,0,0
amniochorial,1208888,2019-01-30T07:22:45,0,0,0
measurelessly,1208891,2019-01-30T07:23:48,0,0,0
haustellum,1208894,2019-01-30T07:24:51,0,0,0
rosarium,1208899,2019-01-30T07:25:54,0,0,0
traceries,1208902,2019-01-30T07:26:57,0,0,0
ethmovomerine,1208906,2019-01-30T07:28:00,0,0,0
unsegregative,1208908,2019-01-30T07:29:00,0,0,0
concolorous,1208913,2019-01-30T07:30:03,0,0,0
orbitelar,1208919,2019-01-30T07:31:06,0,0,0
hamfatter,1208921,2019-01-30T07:32:09,0,0,0
transradiable,1208923,2019-01-30T07:33:12,0,0,0
unlaying,1208926,2019-01-30T07:34:18,0,0,0
halcyonine,1208930,2019-01-30T07:35:21,0,0,0
macrencephaly,1208932,2019-01-30T07:36:24,0,0,0
outflanking,1208936,2019-01-30T07:38:33,0,0,0
progenerate,1208940,2019-01-30T07:39:36,0,0,0
immotile,1208941,2019-01-30T07:40:36,0,0,0
palinuroid,1208943,2019-01-30T07:41:39,0,0,0
gastrodermal,1208947,2019-01-30T07:42:42,0,0,0
purities,1208948,2019-01-30T07:43:45,0,0,0
scepterless,1208950,2019-01-30T07:44:48,0,0,0
toothstick,1208952,2019-01-30T07:45:54,0,0,0
convenable,1208954,2019-01-30T07:46:57,0,0,0
fructose,1208955,2019-01-30T07:48:00,0,0,0
ethiodide,1208957,2019-01-30T07:49:03,0,0,0
rationalizing,1208960,2019-01-30T07:51:09,0,0,0
waterskier,1208962,2019-01-30T07:52:12,0,0,0
caledonite,1208963,2019-01-30T07:53:15,0,0,0
bisexuals,1208966,2019-01-30T07:54:18,0,0,0
quietism,1208969,2019-01-30T07:55:21,0,0,0
rebuckle,1208971,2019-01-30T07:56:24,0,0,0
firefight,1208972,2019-01-30T07:57:27,0,0,0
strainedly,1208974,2019-01-30T07:58:30,0,0,0
uninherent,1208975,2019-01-30T07:59:33,0,0,0
niggardness,1208976,2019-01-30T08:00:36,0,0,0
playstead,1208978,2019-01-30T08:01:39,0,0,0
cemeteries,1208981,2019-01-30T08:02:39,0,0,0
awakenment,1208985,2019-01-30T08:04:45,0,0,0
pikeblennies,1208988,2019-01-30T08:05:48,0,0,0
contractly,1208990,2019-01-30T08:06:51,0,0,0
honestete,1208991,2019-01-30T08:07:54,0,0,0
hysteropathy,1208996,2019-01-30T08:08:57,0,0,0
gynomonoecious,1208999,2019-01-30T08:10:00,0,0,0
schoolful,1209000,2019-01-30T08:11:00,0,0,0
entozoal,1209001,2019-01-30T08:12:03,0,0,0
exponentiate,1209003,2019-01-30T08:13:06,0,0,0
clepsydrae,1209004,2019-01-30T08:14:09,0,0,0
isonephelic,1209006,2019-01-30T08:15:12,0,0,0
unfertilizing,1209007,2019-01-30T08:16:15,0,0,0
nontangential,1209009,2019-01-30T08:17:18,0,0,0
serotinal,1209011,2019-01-30T08:18:18,0,0,0
transitivities,1209013,2019-01-30T08:19:21,0,0,0
inarculum,1209017,2019-01-30T08:21:27,0,0,0
paragrapher,1209021,2019-01-30T08:23:33,0,0,0
ficklest,1209022,2019-01-30T08:24:36,0,0,0
specificize,1209025,2019-01-30T08:26:42,0,0,0
decolourizing,1209026,2019-01-30T08:27:45,0,0,0
boardinghouses,1209028,2019-01-30T08:28:48,0,0,0
posthole,1209032,2019-01-30T08:31:57,0,0,0
cleptomania,1209035,2019-01-30T08:32:57,0,0,0
unfoiled,1209037,2019-01-30T08:34:00,0,0,0
dataries,1209038,2019-01-30T08:35:03,0,0,0
stringily,1209040,2019-01-30T08:36:06,0,0,0
gravelstone,1209041,2019-01-30T08:37:09,0,0,0
forcingly,1209044,2019-01-30T08:38:12,0,0,0
scaliest,1209045,2019-01-30T08:39:15,0,0,0
perispermic,1209048,2019-01-30T08:40:18,0,0,0
xenodochia,1209050,2019-01-30T08:41:21,0,0,0
unnuzzled,1209052,2019-01-30T08:42:24,0,0,0
untapestried,1209054,2019-01-30T08:43:27,0,0,0
dynamometry,1209056,2019-01-30T08:44:30,0,0,0
corsages,1209057,2019-01-30T08:45:33,0,0,0
neurodiagnosis,1209060,2019-01-30T08:46:36,0,0,0
uppercutting,1209061,2019-01-30T08:47:36,0,0,0
apocryphal,1209064,2019-01-30T08:48:39,0,0,0
sockdolager,1209067,2019-01-30T08:49:42,0,0,0
consecrative,1209069,2019-01-30T08:50:45,0,0,0
patinous,1209070,2019-01-30T08:51:48,0,0,0
overspun,1209074,2019-01-30T08:52:51,0,0,0
pantheistical,1209075,2019-01-30T08:53:54,0,0,0
bastarda,1209076,2019-01-30T08:54:57,0,0,0
proterogynous,1209078,2019-01-30T08:56:00,0,0,0
dribbles,1209080,2019-01-30T08:57:03,0,0,0
conveniens,1209081,2019-01-30T08:58:03,0,0,0
overinvesting,1209082,2019-01-30T08:59:06,0,0,0
jessamies,1209083,2019-01-30T09:00:09,0,0,0
nucleone,1209084,2019-01-30T09:01:12,0,0,0
vapographic,1209087,2019-01-30T09:02:15,0,0,0
nutcrackery,1209088,2019-01-30T09:03:18,0,0,0
pantsuit,1209091,2019-01-30T09:04:21,0,0,0
unreaped,1209092,2019-01-30T09:05:21,0,0,0
nonappointive,1209093,2019-01-30T09:06:24,0,0,0
ungirthed,1209095,2019-01-30T09:07:30,0,0,0
bienness,1209100,2019-01-30T09:08:30,0,0,0
screenwise,1209103,2019-01-30T09:10:36,0,0,0
perhalide,1209105,2019-01-30T09:11:39,0,0,0
otalgies,1209107,2019-01-30T09:12:42,0,0,0
expatiated,1209108,2019-01-30T09:13:45,0,0,0
enfilade,1209110,2019-01-30T09:15:51,0,0,0
oologies,1209111,2019-01-30T09:16:54,0,0,0
fortemente,1209112,2019-01-30T09:17:57,0,0,0
manganetic,1209114,2019-01-30T09:18:57,0,0,0
gastrodialysis,1209116,2019-01-30T09:20:00,0,0,0
seignorage,1209117,2019-01-30T09:21:03,0,0,0
springwort,1209120,2019-01-30T09:22:06,0,0,0
isolationist,1209123,2019-01-30T09:23:09,0,0,0
wingseed,1209124,2019-01-30T09:24:12,0,0,0
metaphysicize,1209126,2019-01-30T09:25:15,0,0,0
erythrophyll,1209127,2019-01-30T09:26:18,0,0,0
undilative,1209128,2019-01-30T09:27:18,0,0,0
soggarth,1209129,2019-01-30T09:28:21,0,0,0
commonable,1209132,2019-01-30T09:29:24,0,0,0
anotherkins,1209137,2019-01-30T09:30:27,0,0,0
misdirects,1209138,2019-01-30T09:31:30,0,0,0
cadential,1209139,2019-01-30T09:32:33,0,0,0
bergamasche,1209141,2019-01-30T09:33:36,0,0,0
heptagons,1209143,2019-01-30T09:34:39,0,0,0
unenticing,1209147,2019-01-30T09:35:42,0,0,0
hemimorph,1209148,2019-01-30T09:36:45,0,0,0
subadditive,1209151,2019-01-30T09:37:45,0,0,0
islandlike,1209153,2019-01-30T09:38:48,0,0,0
skillagalee,1209155,2019-01-30T09:39:51,0,0,0
persister,1209993,2019-01-31T03:00:54,0,0,0
corndodger,1209996,2019-01-31T03:01:57,0,0,0
activism,1209998,2019-01-31T03:03:00,0,0,0
featherbrained,1209999,2019-01-31T03:04:06,0,0,0
shuntwinding,1210000,2019-01-31T03:05:09,0,0,0
protopathy,1210001,2019-01-31T03:06:12,0,0,0
unchancy,1210003,2019-01-31T03:07:15,0,0,0
footlicker,1210004,2019-01-31T03:08:18,0,0,0
disclosed,1210006,2019-01-31T03:09:24,0,0,0
chicayote,1210007,2019-01-31T03:10:27,0,0,0
pachucos,1210009,2019-01-31T03:11:30,0,0,0
palimbacchius,1210011,2019-01-31T03:12:33,0,0,0
pasquillant,1210012,2019-01-31T03:13:36,0,0,0
cavitating,1210013,2019-01-31T03:15:42,0,0,0
boxwoods,1210015,2019-01-31T03:16:45,0,0,0
unpetitioned,1210017,2019-01-31T03:17:51,0,0,0
sailingly,1210020,2019-01-31T03:18:54,0,0,0
overslope,1210022,2019-01-31T03:19:57,0,0,0
dustband,1210023,2019-01-31T03:21:00,0,0,0
panleukopenia,1210024,2019-01-31T03:22:03,0,0,0
quinquelocular,1210026,2019-01-31T03:23:06,0,0,0
papillitis,1210027,2019-01-31T03:24:09,0,0,0
middlers,1210029,2019-01-31T03:25:12,0,0,0
mortarboards,1210031,2019-01-31T03:26:15,0,0,0
caniniform,1210057,2019-01-31T04:10:03,0,0,0
aguilarite,1210058,2019-01-31T04:11:06,0,0,0
superfolly,1210062,2019-01-31T04:13:12,0,0,0
catechized,1210065,2019-01-31T04:14:15,0,0,0
unmuzzle,1210068,2019-01-31T04:16:21,0,0,0
entomotomy,1210070,2019-01-31T04:17:27,0,0,0
predelay,1210072,2019-01-31T04:18:30,0,0,0
nonsupposing,1210075,2019-01-31T04:21:42,0,0,0
chorussed,1210084,2019-01-31T04:41:03,0,0,0
retiringly,1210086,2019-01-31T04:42:21,0,0,0
lapidescence,1210997,2019-02-01T23:08:15,0,0,0
provicar,1211001,2019-02-01T23:09:18,0,0,0
dungaree,1211004,2019-02-01T23:11:24,0,0,0
indubious,1211005,2019-02-01T23:13:21,0,0,0
misbaptize,1211006,2019-02-01T23:14:24,0,0,0
vulcanizers,1211007,2019-02-01T23:15:27,0,0,0
wlatsome,1211010,2019-02-01T23:16:33,0,0,0
crenelations,1211012,2019-02-01T23:17:36,0,0,0
azaserine,1211013,2019-02-01T23:18:39,0,0,0
resistence,1211015,2019-02-01T23:20:45,0,0,0
analyzable,1211019,2019-02-01T23:21:48,0,0,0
beechnut,1211022,2019-02-01T23:22:51,0,0,0
unmissionized,1211024,2019-02-01T23:23:54,0,0,0
quickhearted,1211026,2019-02-01T23:24:57,0,0,0
nitroform,1211029,2019-02-01T23:26:00,0,0,0
tagboard,1211032,2019-02-01T23:27:06,0,0,0
penitency,1211034,2019-02-01T23:28:09,0,0,0
camomiles,1211035,2019-02-01T23:29:12,0,0,0
whippost,1211036,2019-02-01T23:30:15,0,0,0
goniatitid,1211037,2019-02-01T23:31:18,0,0,0
thyronine,1211038,2019-02-01T23:32:24,0,0,0
overassuredly,1211040,2019-02-01T23:33:27,0,0,0
surpassingness,1211041,2019-02-01T23:34:30,0,0,0
deblaterate,1211043,2019-02-01T23:35:36,0,0,0
adelocodonic,1211045,2019-02-01T23:36:39,0,0,0
regressor,1211047,2019-02-01T23:37:42,0,0,0
upshifting,1211048,2019-02-01T23:38:45,0,0,0
inconveniences,1211050,2019-02-01T23:39:48,0,0,0
episporium,1211051,2019-02-01T23:40:51,0,0,0
triteness,1211053,2019-02-01T23:41:54,0,0,0
aspermia,1211054,2019-02-01T23:42:57,0,0,0
demilunes,1211057,2019-02-01T23:44:00,0,0,0
witchiest,1211058,2019-02-01T23:45:06,0,0,0
gauloiserie,1211059,2019-02-01T23:46:06,0,0,0
euchromatin,1211060,2019-02-01T23:47:12,0,0,0
netmonger,1211062,2019-02-01T23:48:15,0,0,0
unconducive,1211063,2019-02-01T23:49:18,0,0,0
acetylator,1211068,2019-02-01T23:51:24,0,0,0
hypsochromy,1211069,2019-02-01T23:52:27,0,0,0
volcanize,1211070,2019-02-01T23:53:30,0,0,0
furfuramid,1211075,2019-02-01T23:54:36,0,0,0
antizealot,1211076,2019-02-01T23:55:39,0,0,0
identifiably,1211080,2019-02-01T23:56:42,0,0,0
nonvisible,1211082,2019-02-01T23:57:45,0,0,0
photoinduction,1211083,2019-02-01T23:58:48,0,0,0
furriest,1211084,2019-02-01T23:59:51,0,0,0
bashibazouk,1211086,2019-02-02T00:00:54,0,0,0
maleficent,1211087,2019-02-02T00:01:57,0,0,0
reddishly,1211088,2019-02-02T00:03:00,0,0,0
intitulation,1211090,2019-02-02T00:04:03,0,0,0
electroori,1211092,2019-02-02T00:05:06,0,0,0
scunnering,1211094,2019-02-02T00:06:09,0,0,0
drawsheet,1211095,2019-02-02T00:07:15,0,0,0
ingathering,1211096,2019-02-02T00:08:18,0,0,0
flyproof,1211097,2019-02-02T00:09:21,0,0,0
amovability,1211098,2019-02-02T00:10:24,0,0,0
autogram,1211100,2019-02-02T00:11:27,0,0,0
subresin,1211593,2019-02-02T21:37:45,0,0,0
biosterin,1211600,2019-02-02T21:41:15,0,0,0
achromatous,1211603,2019-02-02T21:42:57,0,0,0
overweight,1211607,2019-02-02T21:44:45,0,0,0
perfectly,1211611,2019-02-02T21:46:24,0,0,0
blockheadism,1211614,2019-02-02T21:48:03,0,0,0
commisce,1211618,2019-02-02T21:49:42,0,0,0
reinflate,1211621,2019-02-02T21:51:30,0,0,0
predynastic,1211625,2019-02-02T21:53:03,0,0,0
embellishing,1211627,2019-02-02T21:54:18,0,0,0
staphyline,1211629,2019-02-02T21:55:54,0,0,0
bromines,1211630,2019-02-02T21:57:09,0,0,0
admirations,1211633,2019-02-02T21:58:45,0,0,0
alloploidy,1211637,2019-02-02T22:01:54,0,0,0
stipulate,1211639,2019-02-02T22:03:27,0,0,0
cuartino,1211641,2019-02-02T22:05:03,0,0,0
avertedly,1211644,2019-02-02T22:06:36,0,0,0
plicatolobate,1211645,2019-02-02T22:08:12,0,0,0
imprevision,1211647,2019-02-02T22:09:48,0,0,0
homeochromatic,1211650,2019-02-02T22:11:21,0,0,0
quebrachite,1211652,2019-02-02T22:12:54,0,0,0
supervisure,1211653,2019-02-02T22:14:42,0,0,0
sacerdotally,1211655,2019-02-02T22:15:57,0,0,0
balsamically,1211656,2019-02-02T22:17:12,0,0,0
hammering,1211658,2019-02-02T22:18:45,0,0,0
unrollment,1211659,2019-02-02T22:20:21,0,0,0
daunters,1211661,2019-02-02T22:21:54,0,0,0
sponsions,1211662,2019-02-02T22:23:30,0,0,0
fringeflower,1211665,2019-02-02T22:25:03,0,0,0
unhypnotizable,1211667,2019-02-02T22:26:39,0,0,0
shrieked,1211668,2019-02-02T22:28:15,0,0,0
sarcolytic,1211672,2019-02-02T22:29:48,0,0,0
carabineros,1211674,2019-02-02T22:33:33,0,0,0
misreceive,1211675,2019-02-02T22:34:48,0,0,0
greyware,1211677,2019-02-02T22:36:21,0,0,0
fidgeting,1211679,2019-02-02T22:37:54,0,0,0
medallionist,1211684,2019-02-02T22:41:03,0,0,0
kissably,1211685,2019-02-02T22:42:39,0,0,0
oculigerous,1211687,2019-02-02T22:44:12,0,0,0
unpicketed,1211689,2019-02-02T22:45:48,0,0,0
spongiolin,1211690,2019-02-02T22:47:21,0,0,0
catmalison,1211694,2019-02-02T22:49:24,0,0,0
obstipated,1211695,2019-02-02T22:50:57,0,0,0
subtilties,1211696,2019-02-02T22:52:30,0,0,0
phagocytolytic,1211698,2019-02-02T22:54:03,0,0,0
fatalistic,1211699,2019-02-02T22:55:39,0,0,0
scriniary,1211702,2019-02-02T22:57:12,0,0,0
laconizing,1211705,2019-02-02T22:58:48,0,0,0
caesiums,1211706,2019-02-02T23:00:24,0,0,0
taramellite,1211708,2019-02-02T23:01:57,0,0,0
buoyantness,1211710,2019-02-02T23:03:33,0,0,0
colubroid,1211711,2019-02-02T23:04:48,0,0,0
cryogenies,1211712,2019-02-02T23:06:24,0,0,0
gutterize,1211713,2019-02-02T23:07:57,0,0,0
holostylic,1211714,2019-02-02T23:09:30,0,0,0
tussicular,1211715,2019-02-02T23:11:03,0,0,0
drawboring,1211716,2019-02-02T23:12:39,0,0,0
mortarware,1211717,2019-02-02T23:14:15,0,0,0
assientist,1211719,2019-02-02T23:15:51,0,0,0
unpolemical,1211722,2019-02-02T23:19:30,0,0,0
harnessed,1211723,2019-02-02T23:21:06,0,0,0
pepperminty,1211725,2019-02-02T23:22:42,0,0,0
disproving,1211727,2019-02-02T23:24:18,0,0,0
oligonephrous,1211729,2019-02-02T23:25:51,0,0,0
pseudoantique,1211730,2019-02-02T23:27:06,0,0,0
prewireless,1211733,2019-02-02T23:28:39,0,0,0
blandishment,1211736,2019-02-02T23:30:15,0,0,0
locomotivity,1211738,2019-02-02T23:31:48,0,0,0
exoculate,1211739,2019-02-02T23:33:24,0,0,0
frenular,1211740,2019-02-02T23:34:57,0,0,0
respersive,1211742,2019-02-02T23:36:30,0,0,0
trimotor,1211744,2019-02-02T23:38:06,0,0,0
sirenomelus,1211746,2019-02-02T23:39:42,0,0,0
unamatively,1211747,2019-02-02T23:41:15,0,0,0
creoleize,1211749,2019-02-02T23:44:24,0,0,0
myofibril,1211751,2019-02-02T23:45:57,0,0,0
congeals,1211753,2019-02-02T23:47:30,0,0,0
pseudomorphine,1211756,2019-02-02T23:49:03,0,0,0
disconformable,1211757,2019-02-02T23:50:42,0,0,0
maltoses,1211758,2019-02-02T23:52:18,0,0,0
untautological,1211759,2019-02-02T23:53:51,0,0,0
misbegetting,1211762,2019-02-02T23:55:27,0,0,0
epithermal,1211767,2019-02-02T23:58:36,0,0,0
stemmata,1211771,2019-02-03T00:01:45,0,0,0
empemata,1211773,2019-02-03T00:03:18,0,0,0
intersituating,1211775,2019-02-03T00:06:24,0,0,0
trichomonadal,1211778,2019-02-03T00:08:24,0,0,0
methylmalonic,1211779,2019-02-03T00:10:00,0,0,0
laevoduction,1211780,2019-02-03T00:11:33,0,0,0
uncongruous,1211783,2019-02-03T00:13:06,0,0,0
miscellanist,1211784,2019-02-03T00:14:18,0,0,0
semisymmetric,1211787,2019-02-03T00:15:51,0,0,0
isthmistics,1211789,2019-02-03T00:19:00,0,0,0
injectant,1211790,2019-02-03T00:20:36,0,0,0
accubitus,1211792,2019-02-03T00:22:09,0,0,0
underplayed,1211793,2019-02-03T00:23:24,0,0,0
uncollectedly,1211794,2019-02-03T00:25:00,0,0,0
acrobatically,1211796,2019-02-03T00:26:18,0,0,0
granoblastic,1211799,2019-02-03T00:27:54,0,0,0
advenience,1211802,2019-02-03T00:31:36,0,0,0
excellences,1211803,2019-02-03T00:32:51,0,0,0
superenergetic,1211804,2019-02-03T00:34:24,0,0,0
greggriffin,1211805,2019-02-03T00:36:00,0,0,0
twanginess,1211806,2019-02-03T00:37:33,0,0,0
unthinkables,1211808,2019-02-03T00:40:45,0,0,0
survivant,1211810,2019-02-03T00:42:21,0,0,0
enrollment,1211813,2019-02-03T00:43:54,0,0,0
poetesque,1212344,2019-02-04T02:45:54,0,0,0
retiling,1212345,2019-02-04T02:47:00,0,0,0
cornloft,1212349,2019-02-04T02:48:03,0,0,0
paraplegic,1212350,2019-02-04T02:49:09,0,0,0
seductiveness,1212352,2019-02-04T02:50:15,0,0,0
transbay,1212353,2019-02-04T02:51:18,0,0,0
nonethnic,1212355,2019-02-04T02:52:24,0,0,0
meliatin,1212356,2019-02-04T02:53:30,0,0,0
fullfaces,1212357,2019-02-04T02:54:36,0,0,0
prebenediction,1212358,2019-02-04T02:55:42,0,0,0
tetrahedroid,1212362,2019-02-04T02:57:51,0,0,0
arthrotyphoid,1212364,2019-02-04T02:58:54,0,0,0
journeymen,1212365,2019-02-04T03:00:00,0,0,0
copalchi,1212366,2019-02-04T03:01:03,0,0,0
dialists,1212367,2019-02-04T03:02:06,0,0,0
osteotomies,1212368,2019-02-04T03:03:15,0,0,0
nephophobia,1212369,2019-02-04T03:04:18,0,0,0
headskin,1212370,2019-02-04T03:05:21,0,0,0
encamping,1212371,2019-02-04T03:06:27,0,0,0
calyptro,1212373,2019-02-04T03:07:30,0,0,0
youthhead,1212374,2019-02-04T03:08:36,0,0,0
preramus,1212376,2019-02-04T03:10:48,0,0,0
officially,1212377,2019-02-04T03:11:54,0,0,0
mesogastral,1212378,2019-02-04T03:12:57,0,0,0
overcriticize,1212379,2019-02-04T03:14:03,0,0,0
pullulate,1212380,2019-02-04T03:15:09,0,0,0
omentocele,1212381,2019-02-04T03:16:12,0,0,0
ploughtail,1212383,2019-02-04T03:17:21,0,0,0
enraptures,1212384,2019-02-04T03:18:24,0,0,0
carbamino,1212385,2019-02-04T03:19:27,0,0,0
airheads,1212386,2019-02-04T03:20:33,0,0,0
diachoretic,1212387,2019-02-04T03:21:39,0,0,0
subcritical,1212389,2019-02-04T03:23:54,0,0,0
preexclusion,1212390,2019-02-04T03:24:57,0,0,0
concavation,1212392,2019-02-04T03:26:03,0,0,0
unpliantness,1212393,2019-02-04T03:27:09,0,0,0
cetylene,1212394,2019-02-04T03:28:15,0,0,0
nasolabial,1212395,2019-02-04T03:29:24,0,0,0
baltimorite,1212396,2019-02-04T03:30:30,0,0,0
respells,1212397,2019-02-04T03:31:33,0,0,0
tumblification,1212398,2019-02-04T03:32:36,0,0,0
marplots,1212399,2019-02-04T03:33:51,0,0,0
differenced,1212400,2019-02-04T03:35:18,0,0,0
truthlessness,1212401,2019-02-04T03:36:24,0,0,0
intaglioing,1212403,2019-02-04T03:37:27,0,0,0
appreteur,1212404,2019-02-04T03:38:33,0,0,0
trihydride,1212406,2019-02-04T03:39:39,0,0,0
lyomerous,1212411,2019-02-04T03:41:54,0,0,0
flunkers,1212412,2019-02-04T03:42:57,0,0,0
anhingas,1212414,2019-02-04T03:44:03,0,0,0
pomfrest,1212415,2019-02-04T03:45:06,0,0,0
unbutton,1212416,2019-02-04T03:46:12,0,0,0
antierysipelas,1212417,2019-02-04T03:47:18,0,0,0
aerography,1212418,2019-02-04T03:48:21,0,0,0
excitableness,1212421,2019-02-04T03:50:30,0,0,0
fulgency,1212423,2019-02-04T03:51:36,0,0,0
clouring,1212424,2019-02-04T03:52:39,0,0,0
cocamine,1212426,2019-02-04T03:53:45,0,0,0
retaliative,1212427,2019-02-04T03:54:48,0,0,0
ripening,1212430,2019-02-04T03:55:54,0,0,0
hypodiapason,1212433,2019-02-04T03:56:57,0,0,0
sunfishes,1212437,2019-02-04T03:59:06,0,0,0
stereoisomer,1212438,2019-02-04T04:00:12,0,0,0
weanable,1212443,2019-02-04T04:02:30,0,0,0
crownmaker,1212446,2019-02-04T04:04:36,0,0,0
loathsomeness,1212449,2019-02-04T04:05:51,0,0,0
macrocyst,1212451,2019-02-04T04:06:54,0,0,0
verligte,1212452,2019-02-04T04:08:00,0,0,0
respades,1212455,2019-02-04T04:09:06,0,0,0
pseudomembrane,1212456,2019-02-04T04:10:15,0,0,0
wealthmonger,1212458,2019-02-04T04:11:18,0,0,0
zygophore,1212459,2019-02-04T04:12:30,0,0,0
swainish,1212461,2019-02-04T04:13:36,0,0,0
arrendation,1212463,2019-02-04T04:14:45,0,0,0
canacuas,1212464,2019-02-04T04:15:48,0,0,0
patrologic,1212466,2019-02-04T04:16:51,0,0,0
dumfounds,1212467,2019-02-04T04:17:57,0,0,0
intergular,1212469,2019-02-04T04:19:00,0,0,0
incorruptibly,1212471,2019-02-04T04:20:06,0,0,0
shatters,1212473,2019-02-04T04:21:12,0,0,0
tersulfide,1212474,2019-02-04T04:22:15,0,0,0
tapework,1212477,2019-02-04T04:23:21,0,0,0
woodmancraft,1212478,2019-02-04T04:24:24,0,0,0
preexecuting,1212479,2019-02-04T04:25:30,0,0,0
foodless,1212480,2019-02-04T04:26:45,0,0,0
manumitted,1212481,2019-02-04T04:27:51,0,0,0
geobotanist,1213066,2019-02-05T03:22:21,0,0,0
vicomtesse,1213067,2019-02-05T03:23:27,0,0,0
biloculine,1213068,2019-02-05T03:24:33,0,0,0
equiexcellency,1213069,2019-02-05T03:25:36,0,0,0
sidekicks,1213071,2019-02-05T03:26:39,0,0,0
hematozzoa,1213072,2019-02-05T03:27:45,0,0,0
highliving,1213073,2019-02-05T03:28:48,0,0,0
outdatedness,1213074,2019-02-05T03:29:51,0,0,0
methylaniline,1213075,2019-02-05T03:30:57,0,0,0
consolidate,1213077,2019-02-05T03:32:00,0,0,0
beveller,1213078,2019-02-05T03:33:03,0,0,0
vitrescibility,1213079,2019-02-05T03:34:06,0,0,0
mollified,1213084,2019-02-05T03:36:15,0,0,0
rhythmproof,1213085,2019-02-05T03:37:18,0,0,0
prefurlough,1213088,2019-02-05T03:38:24,0,0,0
balderdashes,1213090,2019-02-05T03:39:27,0,0,0
fragrancies,1213610,2019-02-06T00:30:24,0,0,0
parquetries,1213611,2019-02-06T00:32:00,0,0,0
preaffection,1213616,2019-02-06T00:33:36,0,0,0
diswench,1213617,2019-02-06T00:35:12,0,0,0
polymorphously,1213619,2019-02-06T00:36:48,0,0,0
circumscript,1213622,2019-02-06T00:38:24,0,0,0
tetanization,1213625,2019-02-06T00:40:03,0,0,0
polythalamous,1213628,2019-02-06T00:43:15,0,0,0
lithuanians,1213629,2019-02-06T00:44:51,0,0,0
alumetize,1213632,2019-02-06T00:46:30,0,0,0
undivested,1213633,2019-02-06T00:48:09,0,0,0
unstopper,1213634,2019-02-06T00:49:27,0,0,0
classists,1213639,2019-02-06T00:52:39,0,0,0
gloomless,1213641,2019-02-06T00:54:15,0,0,0
subcavity,1213643,2019-02-06T00:55:51,0,0,0
proposes,1213645,2019-02-06T00:57:27,0,0,0
generale,1213646,2019-02-06T00:59:03,0,0,0
tuberiform,1213649,2019-02-06T01:00:42,0,0,0
craftsmanship,1213652,2019-02-06T01:02:24,0,0,0
overliterarily,1213654,2019-02-06T01:04:03,0,0,0
torpedoer,1213655,2019-02-06T01:05:39,0,0,0
whitening,1213656,2019-02-06T01:07:18,0,0,0
malinfluence,1213658,2019-02-06T01:08:54,0,0,0
misprizer,1213661,2019-02-06T01:10:33,0,0,0
overgreasiness,1213663,2019-02-06T01:12:09,0,0,0
tacketed,1213665,2019-02-06T01:13:45,0,0,0
capsuled,1213667,2019-02-06T01:15:21,0,0,0
mesothorax,1214352,2019-02-07T01:31:12,0,0,0
unstuffiness,1214354,2019-02-07T01:32:18,0,0,0
meatoscopy,1214357,2019-02-07T01:34:27,0,0,0
enthuses,1214359,2019-02-07T01:35:33,0,0,0
quatrefeuille,1214363,2019-02-07T01:37:42,0,0,0
thiochrome,1214364,2019-02-07T01:38:45,0,0,0
sudations,1214365,2019-02-07T01:39:48,0,0,0
breakpoints,1214367,2019-02-07T01:40:54,0,0,0
fulicine,1214368,2019-02-07T01:41:57,0,0,0
melodeon,1214369,2019-02-07T01:43:03,0,0,0
psychiatrists,1214370,2019-02-07T01:44:09,0,0,0
villagelike,1214371,2019-02-07T01:45:12,0,0,0
impolder,1214372,2019-02-07T01:46:15,0,0,0
nonscientist,1214373,2019-02-07T01:47:21,0,0,0
subpunch,1214378,2019-02-07T01:50:33,0,0,0
pericorneal,1214379,2019-02-07T01:51:39,0,0,0
degradable,1214381,2019-02-07T01:52:42,0,0,0
palatalized,1214384,2019-02-07T01:53:45,0,0,0
bakeries,1214385,2019-02-07T01:54:51,0,0,0
deerhound,1214386,2019-02-07T01:55:57,0,0,0
dioscoreaceous,1214387,2019-02-07T01:57:00,0,0,0
indebtednesses,1214388,2019-02-07T01:58:06,0,0,0
biflabellate,1214389,2019-02-07T01:59:12,0,0,0
cacogastric,1214391,2019-02-07T02:00:15,0,0,0
tautologise,1214392,2019-02-07T02:01:21,0,0,0
bellhops,1214393,2019-02-07T02:02:24,0,0,0
parsonage,1214395,2019-02-07T02:03:30,0,0,0
pianette,1214396,2019-02-07T02:04:33,0,0,0
coabound,1214398,2019-02-07T02:06:42,0,0,0
repentantly,1214400,2019-02-07T02:07:45,0,0,0
cecopexy,1214401,2019-02-07T02:08:51,0,0,0
outreading,1214402,2019-02-07T02:09:54,0,0,0
bathrooms,1214407,2019-02-07T02:12:06,0,0,0
pleomorphy,1214409,2019-02-07T02:13:09,0,0,0
suboxide,1214411,2019-02-07T02:14:12,0,0,0
ungymnastic,1214413,2019-02-07T02:15:21,0,0,0
denierage,1215663,2019-02-08T19:40:30,0,0,0
biquintile,1215665,2019-02-08T19:41:36,0,0,0
warfarins,1215667,2019-02-08T19:42:39,0,0,0
unstirrable,1215669,2019-02-08T19:43:45,0,0,0
noncurling,1215671,2019-02-08T19:44:48,0,0,0
yomiment,1216400,2019-02-09T20:49:06,0,0,0
endeseror,1216409,2019-02-09T21:07:33,0,0,0
desong,1216419,2019-02-09T21:25:03,0,0,0
onofenor,1216425,2019-02-09T21:33:45,0,0,0
hupon,1216430,2019-02-09T21:42:15,0,0,0
asicertit,1216435,2019-02-09T21:53:42,0,0,0
lutansun,1216440,2019-02-09T22:07:27,0,0,0
zidot,1216447,2019-02-09T22:18:45,0,0,0
erede,1216451,2019-02-09T22:27:18,0,0,0
itranedi,1216458,2019-02-09T22:35:33,0,0,0
ereadr,1216465,2019-02-09T22:48:36,0,0,0
erads,1216470,2019-02-09T22:59:24,0,0,0
onsime,1216478,2019-02-09T23:11:24,0,0,0
inton6,1216834,2019-02-10T15:04:27,0,0,0
ughinese,1216848,2019-02-10T15:30:33,0,0,0
odondel,1216854,2019-02-10T15:41:15,0,0,0
onouscus,1216860,2019-02-10T15:52:36,0,0,0
egeas,1216880,2019-02-10T16:24:54,0,0,0
acedxa,1216902,2019-02-10T17:10:00,0,0,0
routhengu,1216910,2019-02-10T17:22:45,0,0,0
orseanor,1216918,2019-02-10T17:34:12,0,0,0
derisend,1217480,2019-02-11T19:27:33,0,0,0
terenton,1217483,2019-02-11T19:30:39,0,0,0
gainlessness,1217863,2019-02-12T01:54:33,0,0,0
doorstead,1217867,2019-02-12T01:55:54,0,0,0
typeholder,1217869,2019-02-12T01:57:36,0,0,0
deducive,1217874,2019-02-12T01:59:18,0,0,0
loxodromism,1217876,2019-02-12T02:00:45,0,0,0
felanders,1217880,2019-02-12T02:02:27,0,0,0
unconsentient,1217881,2019-02-12T02:03:51,0,0,0
nonguaranty,1217883,2019-02-12T02:05:33,0,0,0
squeezer,1217886,2019-02-12T02:07:15,0,0,0
discarder,1217888,2019-02-12T02:09:00,0,0,0
waggoners,1217892,2019-02-12T02:10:42,0,0,0
trypanosome,1217894,2019-02-12T02:12:21,0,0,0
inflatedness,1217900,2019-02-12T02:15:27,0,0,0
modumite,1217905,2019-02-12T02:17:06,0,0,0
underfootmen,1217909,2019-02-12T02:18:45,0,0,0
pettiness,1217914,2019-02-12T02:20:24,0,0,0
subumbrellar,1217921,2019-02-12T02:22:15,0,0,0
phlyctena,1217926,2019-02-12T02:23:33,0,0,0
gamekeepers,1217929,2019-02-12T02:25:09,0,0,0
barbarizing,1217931,2019-02-12T02:26:48,0,0,0
numeration,1217937,2019-02-12T02:28:24,0,0,0
brewership,1217943,2019-02-12T02:30:06,0,0,0
achromatism,1217946,2019-02-12T02:31:42,0,0,0
abhorrency,1217947,2019-02-12T02:33:21,0,0,0
unrooted,1217950,2019-02-12T02:35:00,0,0,0
addendum,1217954,2019-02-12T02:36:42,0,0,0
supercordial,1217955,2019-02-12T02:38:21,0,0,0
reabsorbed,1217960,2019-02-12T02:40:03,0,0,0
perceant,1217966,2019-02-12T02:42:45,0,0,0
biconvexity,1217967,2019-02-12T02:43:48,0,0,0
spheniscomorph,1217970,2019-02-12T02:44:51,0,0,0
nectarizing,1217973,2019-02-12T02:45:54,0,0,0
unbeggar,1217974,2019-02-12T02:47:00,0,0,0
warrantability,1217975,2019-02-12T02:48:06,0,0,0
spearproof,1217978,2019-02-12T02:49:09,0,0,0
remunerability,1217980,2019-02-12T02:50:12,0,0,0
fencelike,1217983,2019-02-12T02:51:18,0,0,0
tailbacks,1217984,2019-02-12T02:52:21,0,0,0
manufactures,1217985,2019-02-12T02:53:27,0,0,0
nonsoluble,1217986,2019-02-12T02:54:30,0,0,0
shrivels,1217989,2019-02-12T02:55:45,0,0,0
swatheable,1217993,2019-02-12T02:57:57,0,0,0
imboldening,1217994,2019-02-12T02:59:00,0,0,0
impregnation,1217995,2019-02-12T03:00:06,0,0,0
reposition,1217997,2019-02-12T03:01:12,0,0,0
nonanarchic,1217999,2019-02-12T03:02:18,0,0,0
rejuggle,1218002,2019-02-12T03:03:24,0,0,0
undenizened,1218004,2019-02-12T03:04:30,0,0,0
unwhisperable,1218005,2019-02-12T03:05:36,0,0,0
nebulousness,1218009,2019-02-12T03:06:39,0,0,0
querulant,1218012,2019-02-12T03:07:45,0,0,0
pelletized,1218015,2019-02-12T03:08:51,0,0,0
kingofwood,1218642,2019-02-12T16:18:33,7,10698890764,0
limacines,1219360,2019-02-14T00:55:00,0,0,0
unriddle,1219363,2019-02-14T00:56:03,0,0,0
boatswain,1219364,2019-02-14T00:57:06,0,0,0
undrunken,1219365,2019-02-14T00:58:12,0,0,0
homuncle,1219367,2019-02-14T00:59:15,0,0,0
ptenoglossate,1219368,2019-02-14T01:00:21,0,0,0
patronite,1219370,2019-02-14T01:01:24,0,0,0
nightwork,1219371,2019-02-14T01:02:30,0,0,0
rewrapped,1219372,2019-02-14T01:03:42,0,0,0
cattimandoo,1219374,2019-02-14T01:04:48,0,0,0
devertebrated,1219376,2019-02-14T01:05:51,0,0,0
granadilla,1219377,2019-02-14T01:06:54,0,0,0
drainage,1219378,2019-02-14T01:08:00,0,0,0
academias,1219379,2019-02-14T01:09:03,0,0,0
diploblastic,1219382,2019-02-14T01:10:09,0,0,0
inobtrusive,1219383,2019-02-14T01:11:15,0,0,0
assortedness,1219386,2019-02-14T01:12:18,0,0,0
redefying,1219389,2019-02-14T01:13:24,0,0,0
condylomatous,1219391,2019-02-14T01:14:27,0,0,0
reavouch,1219392,2019-02-14T01:15:36,0,0,0
incontaminable,1219394,2019-02-14T01:16:42,0,0,0
moonwards,1219397,2019-02-14T01:17:45,0,0,0
foretooth,1219399,2019-02-14T01:18:51,0,0,0
urticants,1219401,2019-02-14T01:19:57,0,0,0
occultly,1219402,2019-02-14T01:21:00,0,0,0
furfurans,1219404,2019-02-14T01:22:06,0,0,0
transactioneer,1219405,2019-02-14T01:23:12,0,0,0
velveteened,1219406,2019-02-14T01:24:18,0,0,0
protectorship,1219410,2019-02-14T01:26:27,0,0,0
epistena,1219412,2019-02-14T01:27:30,0,0,0
hierogrammatic,1219414,2019-02-14T01:28:36,0,0,0
navellike,1219415,2019-02-14T01:29:39,0,0,0
shoecraft,1219418,2019-02-14T01:30:45,0,0,0
boobyish,1219420,2019-02-14T01:31:51,0,0,0
amentulum,1219424,2019-02-14T01:32:57,0,0,0
nonnescience,1219426,2019-02-14T01:34:00,0,0,0
glideness,1219427,2019-02-14T01:35:09,0,0,0
manichordon,1219428,2019-02-14T01:36:12,0,0,0
expostulatory,1219430,2019-02-14T01:37:18,0,0,0
possessory,1219432,2019-02-14T01:38:21,0,0,0
posthospital,1219434,2019-02-14T01:39:24,0,0,0
demoralised,1219435,2019-02-14T01:40:30,0,0,0
incapacious,1219437,2019-02-14T01:41:36,0,0,0
litigators,1219439,2019-02-14T01:42:42,0,0,0
commutableness,1219440,2019-02-14T01:43:45,0,0,0
turbiner,1219441,2019-02-14T01:44:48,0,0,0
bromoethylene,1219442,2019-02-14T01:46:06,0,0,0
incalculable,1219444,2019-02-14T01:47:12,0,0,0
frutices,1219448,2019-02-14T01:48:15,1,12424984859,0
reexpelling,1219449,2019-02-14T01:49:21,0,0,0
mulcting,1219450,2019-02-14T01:50:24,0,0,0
antidynamic,1219453,2019-02-14T01:51:48,0,0,0
nonbathing,1219456,2019-02-14T01:53:15,0,0,0
semisaltire,1219459,2019-02-14T01:54:21,0,0,0
hollyleaf,1219462,2019-02-14T01:55:24,0,0,0
multilaminate,1219464,2019-02-14T01:56:30,0,0,0
propolitical,1219466,2019-02-14T01:57:36,0,0,0
stellarator,1219469,2019-02-14T01:58:42,0,0,0
raptures,1219473,2019-02-14T02:00:51,0,0,0
ecophobia,1219474,2019-02-14T02:01:57,0,0,0
polyhemia,1219476,2019-02-14T02:03:00,0,0,0
archenteric,1219480,2019-02-14T02:04:06,0,0,0
urataemia,1219481,2019-02-14T02:05:12,0,0,0
brushpopper,1219482,2019-02-14T02:06:15,0,0,0
cathouse,1219485,2019-02-14T02:07:21,0,0,0
ablactation,1219486,2019-02-14T02:08:24,0,0,0
sphygmoscope,1219488,2019-02-14T02:09:30,0,0,0
spermatitis,1219489,2019-02-14T02:10:54,0,0,0
disaffiliation,1219490,2019-02-14T02:12:18,0,0,0
pseudosophical,1219492,2019-02-14T02:13:45,0,0,0
semiflashproof,1219494,2019-02-14T02:15:09,0,0,0
experienceless,1219497,2019-02-14T02:16:36,0,0,0
autoroute,1219500,2019-02-14T02:18:00,0,0,0
tasklike,1219502,2019-02-14T02:19:24,0,0,0
millefleur,1219503,2019-02-14T02:20:48,0,0,0
misogynical,1219505,2019-02-14T02:22:15,0,0,0
blackfins,1219506,2019-02-14T02:23:39,0,0,0
expensilation,1219507,2019-02-14T02:25:06,0,0,0
lullabying,1219512,2019-02-14T02:27:54,0,0,0
cannelured,1219513,2019-02-14T02:29:00,0,0,0
medialkaline,1219514,2019-02-14T02:30:06,0,0,0
multiparae,1219517,2019-02-14T02:32:15,0,0,0
uricaemic,1219518,2019-02-14T02:33:21,0,0,0
euplotid,1219520,2019-02-14T02:35:33,0,0,0
prerevenge,1219521,2019-02-14T02:36:39,0,0,0
rehouses,1219523,2019-02-14T02:37:42,0,0,0
finalisms,1219524,2019-02-14T02:38:48,0,0,0
sacahuiste,1219527,2019-02-14T02:39:51,0,0,0
shallows,1219528,2019-02-14T02:40:57,0,0,0
sharesmen,1219530,2019-02-14T02:42:00,0,0,0
tributyrin,1220182,2019-02-15T03:59:36,0,0,0
monkliness,1220183,2019-02-15T04:00:39,0,0,0
resinating,1220185,2019-02-15T04:02:48,0,0,0
rectophobia,1220189,2019-02-15T04:03:54,0,0,0
noteless,1220191,2019-02-15T04:04:57,0,0,0
ramgunshoch,1220194,2019-02-15T04:06:00,0,0,0
isomorphically,1220195,2019-02-15T04:07:06,0,0,0
grasswidow,1220196,2019-02-15T04:08:09,0,0,0
amnesics,1220197,2019-02-15T04:09:12,0,0,0
floatiest,1220199,2019-02-15T04:10:18,0,0,0
upchucking,1220201,2019-02-15T04:11:21,0,0,0
sphindid,1220202,2019-02-15T04:12:27,0,0,0
whirlbrain,1220203,2019-02-15T04:13:30,0,0,0
distancing,1220205,2019-02-15T04:14:36,0,0,0
actualization,1220209,2019-02-15T04:16:42,0,0,0
noreaster,1220210,2019-02-15T04:17:45,0,0,0
semelfactive,1220212,2019-02-15T04:18:51,0,0,0
precelebrated,1220213,2019-02-15T04:19:57,0,0,0
archmediocrity,1220214,2019-02-15T04:21:00,0,0,0
incompleteness,1220215,2019-02-15T04:22:06,0,0,0
aliturgic,1220217,2019-02-15T04:23:09,0,0,0
unharmonized,1220219,2019-02-15T04:24:12,0,0,0
quercitol,1220220,2019-02-15T04:25:15,0,0,0
prudentialist,1220221,2019-02-15T04:26:21,0,0,0
brassworker,1220224,2019-02-15T04:27:24,0,0,0
snatches,1220225,2019-02-15T04:28:30,0,0,0
noncelestially,1220226,2019-02-15T04:29:33,0,0,0
marplotry,1221227,2019-02-17T03:24:30,0,0,0
proctoptoma,1221231,2019-02-17T03:26:39,0,0,0
unmordanted,1221233,2019-02-17T03:27:45,0,0,0
perfunctory,1221234,2019-02-17T03:28:48,0,0,0
pestilence,1221236,2019-02-17T03:29:51,0,0,0
uncurved,1221237,2019-02-17T03:30:57,0,0,0
gamogenesis,1221239,2019-02-17T03:32:00,0,0,0
bivalvous,1221241,2019-02-17T03:33:06,0,0,0
tartramic,1221244,2019-02-17T03:34:09,0,0,0
cockscomb,1221251,2019-02-17T03:35:15,0,0,0
coquillage,1221252,2019-02-17T03:36:18,0,0,0
chloroanaemia,1221255,2019-02-17T03:37:21,0,0,0
instrumentman,1221257,2019-02-17T03:38:27,0,0,0
albiness,1221260,2019-02-17T03:39:30,0,0,0
conglomerate,1221261,2019-02-17T03:40:33,0,0,0
synchromism,1221263,2019-02-17T03:41:39,0,0,0
spurrers,1221266,2019-02-17T03:42:42,0,0,0
solemnifying,1221268,2019-02-17T03:43:48,0,0,0
recluseness,1221272,2019-02-17T03:44:54,0,0,0
preformism,1221275,2019-02-17T03:46:00,0,0,0
irksomely,1221278,2019-02-17T03:47:03,0,0,0
impressionism,1221280,2019-02-17T03:48:06,0,0,0
metallisation,1221283,2019-02-17T03:49:12,0,0,0
sporation,1221286,2019-02-17T03:50:15,0,0,0
occurrent,1221290,2019-02-17T03:51:21,0,0,0
annunciate,1221294,2019-02-17T03:52:24,0,0,0
storiation,1221296,2019-02-17T03:53:27,0,0,0
transliterator,1221300,2019-02-17T03:54:33,0,0,0
foreshank,1221303,2019-02-17T03:55:36,0,0,0
specsartine,1221305,2019-02-17T03:56:42,0,0,0
redismiss,1221306,2019-02-17T03:57:45,0,0,0
unblithely,1221308,2019-02-17T03:58:45,0,0,0
phoronomically,1221312,2019-02-17T03:59:51,0,0,0
nondefeasible,1221315,2019-02-17T04:00:57,0,0,0
antidotes,1221318,2019-02-17T04:02:03,0,0,0
quantitation,1221322,2019-02-17T04:03:06,0,0,0
duplicately,1221325,2019-02-17T04:04:12,0,0,0
countertrend,1221327,2019-02-17T04:05:15,0,0,0
bellware,1221328,2019-02-17T04:06:21,0,0,0
pentapterous,1221331,2019-02-17T04:07:24,0,0,0
phenakite,1221335,2019-02-17T04:08:30,0,0,0
environed,1221341,2019-02-17T04:10:39,0,0,0
endosulfan,1222645,2019-02-19T02:16:54,0,0,0
apostrophise,1222646,2019-02-19T02:18:03,0,0,0
chrysalises,1222647,2019-02-19T02:19:09,0,0,0
fulminant,1222649,2019-02-19T02:20:18,0,0,0
thoroughness,1222653,2019-02-19T02:21:24,0,0,0
sescuncia,1222656,2019-02-19T02:22:30,0,0,0
bansalague,1222657,2019-02-19T02:23:39,0,0,0
nonvariably,1222658,2019-02-19T02:24:45,0,0,0
tablesful,1222659,2019-02-19T02:25:51,0,0,0
remissory,1222661,2019-02-19T02:27:00,0,0,0
introversible,1222662,2019-02-19T02:28:06,0,0,0
overabundances,1222663,2019-02-19T02:29:15,0,0,0
majestically,1222664,2019-02-19T02:30:21,0,0,0
plasmoma,1222665,2019-02-19T02:31:30,0,0,0
dorosternal,1222668,2019-02-19T02:32:36,0,0,0
unbodiliness,1222671,2019-02-19T02:33:42,0,0,0
nonprocreation,1222672,2019-02-19T02:34:51,0,0,0
ultrazodiacal,1222674,2019-02-19T02:36:00,0,0,0
subzonary,1222676,2019-02-19T02:37:03,0,0,0
unmannerliness,1222678,2019-02-19T02:38:09,0,0,0
costumier,1222679,2019-02-19T02:39:21,0,0,0
basiradial,1222680,2019-02-19T02:40:27,0,0,0
nonsatiation,1222683,2019-02-19T02:41:30,0,0,0
disabilities,1222684,2019-02-19T02:42:36,0,0,0
rumouring,1222686,2019-02-19T02:43:45,0,0,0
autophobia,1222689,2019-02-19T02:44:51,0,0,0
aquaduct,1222691,2019-02-19T02:45:57,0,0,0
cephalous,1222692,2019-02-19T02:47:00,0,0,0
timbrophily,1222693,2019-02-19T02:48:06,0,0,0
cytopyge,1222697,2019-02-19T02:49:12,0,0,0
thoughtsick,1222698,2019-02-19T02:50:18,0,0,0
malignantly,1222699,2019-02-19T02:51:24,0,0,0
perdicine,1222702,2019-02-19T02:52:33,0,0,0
surceases,1222704,2019-02-19T02:53:42,0,0,0
semisuccess,1222706,2019-02-19T02:54:48,0,0,0
dysphemia,1222708,2019-02-19T02:55:54,0,0,0
psomophagic,1222711,2019-02-19T02:57:06,0,0,0
ritualized,1222713,2019-02-19T02:58:12,0,0,0
semispheric,1222715,2019-02-19T02:59:18,0,0,0
preanticipated,1222716,2019-02-19T03:00:27,0,0,0
chavibetol,1222721,2019-02-19T03:02:42,0,0,0
primnesses,1222724,2019-02-19T03:04:54,0,0,0
euthermic,1222725,2019-02-19T03:06:06,0,0,0
priestliest,1222728,2019-02-19T03:08:18,0,0,0
dosimetry,1222730,2019-02-19T03:10:30,0,0,0
antidemocrat,1222731,2019-02-19T03:11:36,0,0,0
hepatocellular,1222732,2019-02-19T03:12:42,0,0,0
bleariness,1222733,2019-02-19T03:13:48,0,0,0
theaters,1222735,2019-02-19T03:14:54,0,0,0
okoniosis,1222737,2019-02-19T03:16:00,0,0,0
splintage,1223610,2019-02-20T06:18:57,0,0,0
infusions,1223612,2019-02-20T06:20:00,0,0,0
outsnores,1223616,2019-02-20T06:21:06,0,0,0
ethylenes,1223617,2019-02-20T06:22:12,0,0,0
preplaced,1223618,2019-02-20T06:23:18,0,0,0
steerers,1223620,2019-02-20T06:25:30,0,0,0
syphilisation,1223621,2019-02-20T06:26:33,0,0,0
banderole,1223623,2019-02-20T06:27:36,0,0,0
bimorphs,1223625,2019-02-20T06:28:42,0,0,0
overidleness,1223627,2019-02-20T06:29:48,0,0,0
paranoeas,1223628,2019-02-20T06:30:51,0,0,0
parasphenoid,1223629,2019-02-20T06:31:57,0,0,0
prolegomena,1223631,2019-02-20T06:33:03,0,0,0
woordbook,1223632,2019-02-20T06:34:06,0,0,0
manhunts,1223633,2019-02-20T06:35:12,0,0,0
ferroinclave,1223634,2019-02-20T06:36:15,0,0,0
macroblast,1223635,2019-02-20T06:37:21,0,0,0
unreposing,1223636,2019-02-20T06:38:24,0,0,0
underpassion,1223637,2019-02-20T06:39:27,0,0,0
afluking,1223638,2019-02-20T06:40:33,0,0,0
insensibilize,1223639,2019-02-20T06:41:36,0,0,0
ingeldable,1223642,2019-02-20T06:42:42,0,0,0
concision,1223645,2019-02-20T06:43:45,0,0,0
summered,1223648,2019-02-20T06:44:51,0,0,0
missounded,1223649,2019-02-20T06:45:54,0,0,0
railroadish,1223651,2019-02-20T06:47:00,0,0,0
profitmonger,1223652,2019-02-20T06:48:03,0,0,0
infraspinate,1223654,2019-02-20T06:49:09,0,0,0
glistens,1223655,2019-02-20T06:50:12,0,0,0
antebrachia,1223656,2019-02-20T06:51:18,0,0,0
fireshine,1223657,2019-02-20T06:52:21,0,0,0
stichomythy,1223659,2019-02-20T06:53:24,0,0,0
varityped,1223660,2019-02-20T06:54:30,0,0,0
quinonediimine,1223662,2019-02-20T06:55:33,0,0,0
pallograph,1223664,2019-02-20T06:56:39,0,0,0
agrypnia,1223665,2019-02-20T06:57:42,0,0,0
autoanalysis,1223667,2019-02-20T06:58:48,0,0,0
gesticulation,1223668,2019-02-20T06:59:51,0,0,0
unpejoratively,1223670,2019-02-20T07:00:57,0,0,0
overtrade,1223671,2019-02-20T07:02:03,0,0,0
bawcocks,1223673,2019-02-20T07:03:12,0,0,0
ophthalmious,1223675,2019-02-20T07:04:15,0,0,0
hatracks,1223678,2019-02-20T07:05:27,0,0,0
sunbather,1223679,2019-02-20T07:06:30,0,0,0
greenstick,1223681,2019-02-20T07:07:36,0,0,0
abbotnullius,1223683,2019-02-20T07:08:39,0,0,0
saccharized,1223684,2019-02-20T07:09:45,0,0,0
lupulinic,1223685,2019-02-20T07:10:48,0,0,0
unsensitising,1223687,2019-02-20T07:11:54,0,0,0
unilluded,1223688,2019-02-20T07:13:00,0,0,0
underhoused,1223689,2019-02-20T07:14:03,0,0,0
undrossiness,1223690,2019-02-20T07:15:09,0,0,0
oversweetness,1223691,2019-02-20T07:16:15,0,0,0
logographer,1223693,2019-02-20T07:17:18,0,0,0
disposingly,1223695,2019-02-20T07:18:21,0,0,0
epithecial,1223698,2019-02-20T07:19:27,0,0,0
catchpole,1223699,2019-02-20T07:20:30,0,0,0
unvivacious,1223701,2019-02-20T07:21:33,0,0,0
thinnish,1224277,2019-02-21T03:14:18,0,0,0
unsubduably,1224278,2019-02-21T03:15:24,0,0,0
xylotypography,1224279,2019-02-21T03:16:27,0,0,0
jocoseness,1224281,2019-02-21T03:17:33,0,0,0
openheartedly,1224283,2019-02-21T03:19:39,0,0,0
disenchanting,1224284,2019-02-21T03:20:42,0,0,0
restrapping,1224285,2019-02-21T03:21:48,0,0,0
reexpels,1224287,2019-02-21T03:22:51,0,0,0
expectance,1224288,2019-02-21T03:23:57,0,0,0
unrightly,1224289,2019-02-21T03:25:00,0,0,0
reaffirmation,1224291,2019-02-21T03:26:15,0,0,0
inexecutable,1224292,2019-02-21T03:27:18,0,0,0
unpatientness,1224293,2019-02-21T03:28:24,0,0,0
nondiagonal,1224295,2019-02-21T03:29:27,0,0,0
replevisable,1224297,2019-02-21T03:30:33,0,0,0
heliometrical,1224299,2019-02-21T03:31:36,0,0,0
nonprosperity,1224300,2019-02-21T03:32:42,0,0,0
multispindled,1224301,2019-02-21T03:33:48,0,0,0
prosurgical,1224302,2019-02-21T03:34:54,0,0,0
perpendiculars,1224303,2019-02-21T03:35:57,0,0,0
cushiony,1224304,2019-02-21T03:37:03,0,0,0
unmunificently,1224305,2019-02-21T03:38:06,0,0,0
unanatomised,1224306,2019-02-21T03:39:12,0,0,0
reappoints,1224307,2019-02-21T03:40:18,0,0,0
prenticed,1224309,2019-02-21T03:41:21,0,0,0
thermantidote,1224310,2019-02-21T03:42:27,0,0,0
twinkled,1224311,2019-02-21T03:43:30,0,0,0
oligarchize,1224314,2019-02-21T03:44:33,0,0,0
polyonymous,1224316,2019-02-21T03:45:39,0,0,0
depectible,1224317,2019-02-21T03:46:45,0,0,0
horseway,1224318,2019-02-21T03:47:48,0,0,0
medullispinal,1224321,2019-02-21T03:48:54,0,0,0
acatharsia,1224322,2019-02-21T03:49:57,0,0,0
carfuffled,1224323,2019-02-21T03:51:00,0,0,0
uninterrogated,1224324,2019-02-21T03:52:06,0,0,0
stockfish,1224325,2019-02-21T03:53:09,0,0,0
pyramidlike,1224326,2019-02-21T03:54:15,0,0,0
scissoria,1224328,2019-02-21T03:55:18,0,0,0
preciting,1224329,2019-02-21T03:56:21,0,0,0
integrals,1224877,2019-02-22T00:37:39,0,0,0
patronizer,1224878,2019-02-22T00:38:48,0,0,0
levynite,1224879,2019-02-22T00:39:54,0,0,0
unbailableness,1224881,2019-02-22T00:41:00,0,0,0
neighborship,1224882,2019-02-22T00:42:06,0,0,0
feelingful,1224883,2019-02-22T00:43:12,1,2934250733,0
mechanizers,1224886,2019-02-22T00:44:21,0,0,0
ectoplasy,1224887,2019-02-22T00:45:27,0,0,0
impactive,1224889,2019-02-22T00:46:33,0,0,0
sarcophagize,1224891,2019-02-22T00:47:39,0,0,0
waddlingly,1224892,2019-02-22T00:48:45,0,0,0
spatting,1224893,2019-02-22T00:49:51,0,0,0
amateurism,1224894,2019-02-22T00:50:57,0,0,0
expertism,1224896,2019-02-22T00:52:03,0,0,0
splittail,1224898,2019-02-22T00:53:12,0,0,0
metapleure,1224899,2019-02-22T00:54:21,0,0,0
straightedging,1224901,2019-02-22T00:55:27,0,0,0
whereunder,1224904,2019-02-22T00:57:45,0,0,0
unpropitiatory,1224906,2019-02-22T00:58:54,0,0,0
blackrag,1224908,2019-02-22T01:00:03,0,0,0
flavobacteria,1224909,2019-02-22T01:01:21,0,0,0
embarrassedly,1224911,2019-02-22T01:02:36,0,0,0
corollaries,1224916,2019-02-22T01:03:45,0,0,0
frithbot,1224918,2019-02-22T01:04:57,0,0,0
dilutedly,1224921,2019-02-22T01:06:06,0,0,0
horsewhipper,1224922,2019-02-22T01:07:27,0,0,0
schemozzle,1224923,2019-02-22T01:08:36,0,0,0
semisacred,1224924,2019-02-22T01:09:42,0,0,0
engraffed,1224927,2019-02-22T01:10:57,0,0,0
respringing,1224930,2019-02-22T01:12:06,0,0,0
snibbled,1224931,2019-02-22T01:13:21,0,0,0
whigging,1224932,2019-02-22T01:14:30,0,0,0
unraveling,1224933,2019-02-22T01:15:42,0,0,0
fermentive,1224934,2019-02-22T01:16:54,0,0,0
circumcise,1224937,2019-02-22T01:18:03,0,0,0
unacquittable,1224938,2019-02-22T01:19:12,0,0,0
paintership,1224939,2019-02-22T01:20:24,0,0,0
preadapt,1224941,2019-02-22T01:21:33,0,0,0
doomstead,1224942,2019-02-22T01:22:45,0,0,0
interspire,1224943,2019-02-22T01:23:54,0,0,0
oppugning,1224944,2019-02-22T01:25:00,0,0,0
demimark,1224945,2019-02-22T01:26:09,0,0,0
micromelic,1224947,2019-02-22T01:27:18,0,0,0
schmaltzes,1224953,2019-02-22T01:29:36,0,0,0
crescentwise,1224954,2019-02-22T01:30:42,0,0,0
parrakeet,1224956,2019-02-22T01:31:51,0,0,0
spurling,1224957,2019-02-22T01:33:00,0,0,0
benzopyrene,1224958,2019-02-22T01:34:06,0,0,0
epipubes,1224959,2019-02-22T01:35:15,0,0,0
kainozoic,1224961,2019-02-22T01:36:21,0,0,0
pyroxylic,1224962,2019-02-22T01:37:33,0,0,0
fantaddish,1224965,2019-02-22T01:39:57,0,0,0
lennoaceous,1224966,2019-02-22T01:41:06,0,0,0
algaeologist,1224969,2019-02-22T01:43:30,0,0,0
reconveyed,1224971,2019-02-22T01:44:45,0,0,0
urpriser,1224973,2019-02-22T01:45:51,0,0,0
permeableness,1224974,2019-02-22T01:46:57,0,0,0
hegemonies,1224975,2019-02-22T01:48:03,0,0,0
bladebone,1224977,2019-02-22T01:49:12,0,0,0
deepener,1224978,2019-02-22T01:50:18,0,0,0
unpersonally,1224979,2019-02-22T01:51:24,0,0,0
rattiest,1224981,2019-02-22T01:53:39,0,0,0
withhold,1224982,2019-02-22T01:54:45,0,0,0
lepidodendrids,1224983,2019-02-22T01:55:57,0,0,0
ingrapple,1224984,2019-02-22T01:57:06,0,0,0
warmaker,1224985,2019-02-22T01:58:12,0,0,0
keratalgia,1224986,2019-02-22T01:59:18,0,0,0
linguodistal,1224987,2019-02-22T02:00:27,0,0,0
quislingism,1224988,2019-02-22T02:01:36,0,0,0
spoonier,1224990,2019-02-22T02:02:42,0,0,0
bailpiece,1224992,2019-02-22T02:05:00,0,0,0
nightcrawler21,1225262,2019-02-22T11:08:03,0,0,0
sustentor,1225565,2019-02-23T00:56:36,0,0,0
neumatic,1225567,2019-02-23T00:57:42,0,0,0
sluggarding,1225569,2019-02-23T00:58:48,0,0,0
meddling,1225570,2019-02-23T00:59:54,0,0,0
hemelytrum,1225572,2019-02-23T01:01:00,0,0,0
steatites,1225574,2019-02-23T01:02:06,0,0,0
mercurialism,1225575,2019-02-23T01:03:18,0,0,0
beliefless,1225578,2019-02-23T01:04:27,0,0,0
biocidal,1225579,2019-02-23T01:05:33,0,0,0
trisulphone,1225580,2019-02-23T01:06:39,0,0,0
thlipsis,1225581,2019-02-23T01:07:45,0,0,0
depressants,1225582,2019-02-23T01:08:54,0,0,0
waisters,1225584,2019-02-23T01:10:03,0,0,0
sacroiliac,1225585,2019-02-23T01:11:09,0,0,0
huajillo,1225588,2019-02-23T01:12:18,0,0,0
countermarch,1225590,2019-02-23T01:13:24,0,0,0
subsecretarial,1225593,2019-02-23T01:15:39,0,0,0
precipitin,1225594,2019-02-23T01:16:48,0,0,0
stockjobbing,1225595,2019-02-23T01:17:54,0,0,0
uncastrated,1225596,2019-02-23T01:19:00,0,0,0
mouseship,1225597,2019-02-23T01:20:06,0,0,0
balsawood,1225598,2019-02-23T01:21:12,0,0,0
pneumatologist,1225600,2019-02-23T01:23:24,0,0,0
trephone,1225601,2019-02-23T01:24:30,0,0,0
hyperbarbarism,1225602,2019-02-23T01:25:39,0,0,0
overhatted,1225603,2019-02-23T01:26:45,0,0,0
chattelizing,1225604,2019-02-23T01:28:00,0,0,0
bonyfish,1225607,2019-02-23T01:29:06,0,0,0
geniculated,1225609,2019-02-23T01:30:18,0,0,0
progressivism,1225612,2019-02-23T01:31:24,0,0,0
dovelike,1225613,2019-02-23T01:32:33,0,0,0
wheeldom,1225614,2019-02-23T01:33:42,0,0,0
paleocyclic,1225615,2019-02-23T01:34:48,0,0,0
irrecordable,1225616,2019-02-23T01:35:54,0,0,0
caddiced,1225617,2019-02-23T01:37:03,0,0,0
fellowcraft,1225618,2019-02-23T01:38:15,0,0,0
nondespotic,1225620,2019-02-23T01:39:21,0,0,0
curvative,1225622,2019-02-23T01:40:27,0,0,0
unsnaggled,1225624,2019-02-23T01:42:42,0,0,0
whillaloo,1225626,2019-02-23T01:44:09,0,0,0
roiledness,1225627,2019-02-23T01:45:33,0,0,0
hamartias,1225628,2019-02-23T01:47:00,0,0,0
impurities,1225631,2019-02-23T01:48:27,0,0,0
neurosthenia,1225632,2019-02-23T01:49:54,0,0,0
emotivity,1225634,2019-02-23T01:51:21,0,0,0
unbecomingness,1225637,2019-02-23T01:52:45,0,0,0
neilmartinez,1225643,2019-02-23T02:29:39,5,744209408,0
farforthly,1226169,2019-02-24T00:40:24,0,0,0
undefinable,1226170,2019-02-24T00:41:33,0,0,0
musicophobia,1226171,2019-02-24T00:42:39,0,0,0
thwarter,1226172,2019-02-24T00:43:45,0,0,0
whitetip,1226174,2019-02-24T00:44:54,0,0,0
saliretin,1226175,2019-02-24T00:46:00,0,0,0
intersituated,1226178,2019-02-24T00:47:06,0,0,0
catalogia,1226179,2019-02-24T00:48:15,0,0,0
coesites,1226180,2019-02-24T00:49:24,0,0,0
diencephalic,1226181,2019-02-24T00:50:36,0,0,0
mooniest,1226182,2019-02-24T00:51:48,0,0,0
variably,1226184,2019-02-24T00:53:03,0,0,0
conductivities,1226185,2019-02-24T00:54:09,0,0,0
unwastable,1226186,2019-02-24T00:55:15,0,0,0
encomiologic,1226187,2019-02-24T00:56:24,0,0,0
convinced,1226190,2019-02-24T00:57:33,0,0,0
thawless,1226191,2019-02-24T00:58:39,0,0,0
landswoman,1226192,2019-02-24T00:59:45,0,0,0
asexually,1226194,2019-02-24T01:00:54,0,0,0
endoceratitic,1226196,2019-02-24T01:02:00,0,0,0
pratincoline,1226197,2019-02-24T01:03:06,0,0,0
unfrightened,1226198,2019-02-24T01:04:09,0,0,0
subarboraceous,1226199,2019-02-24T01:05:24,0,0,0
carditis,1226202,2019-02-24T01:06:30,0,0,0
crunchingness,1226204,2019-02-24T01:08:42,0,0,0
stereotypical,1226206,2019-02-24T01:09:48,0,0,0
myocolpitis,1226208,2019-02-24T01:10:57,0,0,0
chairway,1226209,2019-02-24T01:12:03,0,0,0
dermatropic,1226212,2019-02-24T01:14:15,0,0,0
boathook,1226213,2019-02-24T01:15:24,0,0,0
unploughed,1226214,2019-02-24T01:16:30,0,0,0
polystomatous,1226219,2019-02-24T01:18:45,0,0,0
recriminate,1226221,2019-02-24T01:19:54,0,0,0
poachable,1226222,2019-02-24T01:21:03,0,0,0
backhauled,1226223,2019-02-24T01:22:09,0,0,0
weirdies,1226225,2019-02-24T01:23:15,0,0,0
vestible,1226227,2019-02-24T01:24:24,0,0,0
deflationist,1226228,2019-02-24T01:25:30,0,0,0
nonaesthetic,1226231,2019-02-24T01:26:39,0,0,0
banjulele,1226234,2019-02-24T01:27:48,0,0,0
unpatience,1226236,2019-02-24T01:28:54,0,0,0
arsenoferratin,1226237,2019-02-24T01:30:00,0,0,0
elkhound,1226238,2019-02-24T01:31:06,0,0,0
unopiatic,1226240,2019-02-24T01:32:15,0,0,0
eggshell,1226241,2019-02-24T01:33:21,0,0,0
cuboidal,1226242,2019-02-24T01:34:30,0,0,0
moldinesses,1226243,2019-02-24T01:35:36,0,0,0
revieweress,1226244,2019-02-24T01:36:45,0,0,0
botargos,1226245,2019-02-24T01:37:51,0,0,0
cuminoin,1226246,2019-02-24T01:39:00,0,0,0
phainolion,1226248,2019-02-24T01:41:18,0,0,0
guanylic,1226250,2019-02-24T01:42:27,0,0,0
nonexpendable,1226253,2019-02-24T01:43:36,0,0,0
tridents,1226255,2019-02-24T01:45:48,0,0,0
unoccasional,1226257,2019-02-24T01:46:51,0,0,0
convolutional,1226258,2019-02-24T01:48:00,0,0,0
unthwartable,1226259,2019-02-24T01:49:09,0,0,0
unintellective,1226261,2019-02-24T01:50:15,0,0,0
solicited,1226262,2019-02-24T01:51:21,0,0,0
biotites,1226263,2019-02-24T01:52:27,0,0,0
unrippable,1226265,2019-02-24T01:53:36,0,0,0
ungrappler,1226267,2019-02-24T01:54:42,0,0,0
radioteria,1226268,2019-02-24T01:55:48,0,0,0
cecostomy,1226271,2019-02-24T01:56:57,0,0,0
citified,1226272,2019-02-24T01:58:06,0,0,0
infirmary,1226273,2019-02-24T01:59:21,0,0,0
leucopyrite,1226274,2019-02-24T02:00:30,0,0,0
mylittlesun,1227332,2019-02-25T23:59:15,5,853144754,0
symphysian,1227389,2019-02-26T02:16:51,0,0,0
skillfulness,1227391,2019-02-26T02:18:03,0,0,0
bettering,1227392,2019-02-26T02:19:09,0,0,0
infolded,1227394,2019-02-26T02:20:18,0,0,0
cortinate,1227395,2019-02-26T02:21:27,0,0,0
unfleshed,1227396,2019-02-26T02:22:33,0,0,0
micrognathic,1227398,2019-02-26T02:23:39,0,0,0
dressmakery,1227400,2019-02-26T02:24:45,0,0,0
unmerchantly,1227401,2019-02-26T02:25:51,0,0,0
prosopoplegic,1227403,2019-02-26T02:26:57,0,0,0
diolefin,1227404,2019-02-26T02:28:03,0,0,0
acalephes,1227405,2019-02-26T02:29:09,0,0,0
hairbrain,1227407,2019-02-26T02:30:15,0,0,0
engorged,1227408,2019-02-26T02:31:24,0,0,0
potestas,1227409,2019-02-26T02:32:30,0,0,0
thoracodynia,1227411,2019-02-26T02:33:36,0,0,0
downgraded,1227413,2019-02-26T02:34:39,0,0,0
tungstate,1227416,2019-02-26T02:35:45,0,0,0
liniments,1227417,2019-02-26T02:36:51,0,0,0
arietate,1227420,2019-02-26T02:38:00,0,0,0
harmlessnesses,1227422,2019-02-26T02:39:06,0,0,0
scelerat,1227423,2019-02-26T02:40:12,0,0,0
deadpanning,1227424,2019-02-26T02:41:18,0,0,0
unspawned,1227426,2019-02-26T02:42:24,0,0,0
amanuenses,1227428,2019-02-26T02:43:30,0,0,0
polysomatous,1227429,2019-02-26T02:44:33,0,0,0
aftertrial,1227431,2019-02-26T02:45:42,0,0,0
authoritarian,1227432,2019-02-26T02:46:45,0,0,0
crankcase,1227433,2019-02-26T02:47:54,0,0,0
comeuppance,1227434,2019-02-26T02:49:03,0,0,0
miliolite,1227435,2019-02-26T02:50:12,0,0,0
fugacity,1227437,2019-02-26T02:52:30,0,0,0
snitchiest,1227438,2019-02-26T02:53:36,0,0,0
sulphonalism,1227439,2019-02-26T02:54:42,0,0,0
compilator,1227440,2019-02-26T02:55:48,0,0,0
steinboks,1227442,2019-02-26T02:57:00,0,0,0
chancroid,1227443,2019-02-26T02:58:06,0,0,0
osteoarthritic,1227445,2019-02-26T03:00:21,0,0,0
underqualified,1227446,2019-02-26T03:01:27,0,0,0
allomerize,1227450,2019-02-26T03:03:54,0,0,0
torrentuous,1227451,2019-02-26T03:05:00,0,0,0
nonpapist,1227452,2019-02-26T03:06:06,0,0,0
corporeals,1227453,2019-02-26T03:07:15,0,0,0
superuniverse,1227455,2019-02-26T03:08:30,0,0,0
gaseousness,1227456,2019-02-26T03:09:36,0,0,0
loquaciousness,1227457,2019-02-26T03:10:42,0,0,0
cargadores,1227458,2019-02-26T03:11:48,0,0,0
liquorist,1227460,2019-02-26T03:12:51,0,0,0
dufferdom,1227462,2019-02-26T03:13:57,0,0,0
retrocurved,1227465,2019-02-26T03:16:09,0,0,0
perfections,1227467,2019-02-26T03:17:12,0,0,0
reproductory,1227469,2019-02-26T03:18:18,0,0,0
guruship,1227471,2019-02-26T03:19:21,0,0,0
waterwheel,1227472,2019-02-26T03:20:27,0,0,0
foreffelt,1227475,2019-02-26T03:22:39,0,0,0
undocked,1227476,2019-02-26T03:23:42,0,0,0
clefting,1227477,2019-02-26T03:24:51,0,0,0
vaporizations,1227478,2019-02-26T03:25:57,0,0,0
brooklike,1227479,2019-02-26T03:27:03,0,0,0
guachamaca,1227480,2019-02-26T03:28:09,0,0,0
collarets,1227481,2019-02-26T03:29:15,0,0,0
beggardom,1227482,2019-02-26T03:30:21,0,0,0
opennesses,1227485,2019-02-26T03:31:27,0,0,0
retrocessional,1227487,2019-02-26T03:33:42,0,0,0
destructions,1227488,2019-02-26T03:34:48,0,0,0
irreduction,1227489,2019-02-26T03:35:54,0,0,0
epitrochoidal,1227491,2019-02-26T03:38:09,0,0,0
episomally,1227492,2019-02-26T03:39:12,0,0,0
tapelike,1227493,2019-02-26T03:40:18,0,0,0
akroteria,1227494,2019-02-26T03:41:27,0,0,0
deliberative,1227495,2019-02-26T03:42:30,0,0,0
gruffest,1227496,2019-02-26T03:43:36,0,0,0
panglessly,1227497,2019-02-26T03:44:42,0,0,0
anconeal,1227498,2019-02-26T03:45:51,0,0,0
thiasine,1227499,2019-02-26T03:46:57,0,0,0
nondefiant,1227500,2019-02-26T03:48:03,0,0,0
coeloplanula,1227502,2019-02-26T03:49:06,0,0,0
heptacolic,1227503,2019-02-26T03:50:12,0,0,0
undercellarer,1227506,2019-02-26T03:51:21,0,0,0
pimenton,1227508,2019-02-26T03:52:27,0,0,0
unpopularly,1227509,2019-02-26T03:53:30,0,0,0
permeate,1227510,2019-02-26T03:54:36,0,0,0
binauricular,1227512,2019-02-26T03:55:42,0,0,0
unsticky,1227513,2019-02-26T03:56:45,0,0,0
dactylous,1227516,2019-02-26T03:57:51,0,0,0
circumvention,1227517,2019-02-26T03:58:57,0,0,0
unzipping,1227518,2019-02-26T04:00:03,0,0,0
undeparted,1227519,2019-02-26T04:01:09,0,0,0
sensuality,1227521,2019-02-26T04:02:12,0,0,0
antitypy,1227523,2019-02-26T04:03:18,0,0,0
facilitation,1227524,2019-02-26T04:04:27,0,0,0
tackifying,1227526,2019-02-26T04:05:33,0,0,0
ondascope,1227527,2019-02-26T04:06:39,0,0,0
aerobiotically,1227529,2019-02-26T04:07:42,0,0,0
frisette,1227536,2019-02-26T04:11:03,0,0,0
hypocarpium,1227538,2019-02-26T04:12:06,0,0,0
underran,1227540,2019-02-26T04:13:12,0,0,0
overfastidious,1227542,2019-02-26T04:14:18,0,0,0
delineations,1227544,2019-02-26T04:15:27,0,0,0
unspelling,1227546,2019-02-26T04:16:33,0,0,0
disheartening,1227548,2019-02-26T04:17:39,0,0,0
underdauber,1227550,2019-02-26T04:18:42,0,0,0
unadmittably,1227553,2019-02-26T04:19:48,0,0,0
garrotting,1227555,2019-02-26T04:20:54,0,0,0
denumerative,1227557,2019-02-26T04:22:00,0,0,0
misbuilding,1227559,2019-02-26T04:23:06,0,0,0
topopolitan,1227560,2019-02-26T04:24:12,0,0,0
daisycutter,1227561,2019-02-26T04:25:15,0,0,0
regality,1227562,2019-02-26T04:26:21,0,0,0
laryngological,1227564,2019-02-26T04:27:27,0,0,0
honoring,1227566,2019-02-26T04:28:33,0,0,0
nonlabelling,1227567,2019-02-26T04:29:36,0,0,0
cofounds,1227571,2019-02-26T04:31:48,0,0,0
subofficers,1227572,2019-02-26T04:32:51,0,0,0
semibarbarian,1227574,2019-02-26T04:33:57,0,0,0
jouisance,1227575,2019-02-26T04:35:03,0,0,0
relaunders,1227577,2019-02-26T04:36:09,0,0,0
heathenize,1227578,2019-02-26T04:37:12,0,0,0
psychologizing,1227579,2019-02-26T04:38:18,0,0,0
unveiled,1227581,2019-02-26T04:40:30,0,0,0
dechenite,1227584,2019-02-26T04:42:39,0,0,0
filchers,1227585,2019-02-26T04:43:48,0,0,0
earthpea,1227587,2019-02-26T04:44:54,0,0,0
dehydrofreeze,1227588,2019-02-26T04:46:03,0,0,0
reallusion,1227589,2019-02-26T04:47:09,0,0,0
misparts,1227592,2019-02-26T04:49:21,0,0,0
mygri,1228184,2019-02-27T01:34:54,7,128587553,0
irrorate,1228584,2019-02-27T11:10:57,0,0,0
chuggers,1228585,2019-02-27T11:12:06,0,0,0
grudging,1228586,2019-02-27T11:13:12,0,0,0
jagghery,1228592,2019-02-27T11:16:39,0,0,0
pathfinders,1228597,2019-02-27T11:18:54,0,0,0
coeternal,1228600,2019-02-27T11:20:00,0,0,0
waterlocked,1228602,2019-02-27T11:21:06,0,0,0
unpromptness,1228603,2019-02-27T11:22:12,0,0,0
swanwort,1228605,2019-02-27T11:23:18,0,0,0
multilobulated,1228606,2019-02-27T11:24:24,0,0,0
pantotherian,1228608,2019-02-27T11:25:33,0,0,0
proterandry,1228609,2019-02-27T11:26:45,0,0,0
diaclastic,1228613,2019-02-27T11:27:51,0,0,0
membrally,1228615,2019-02-27T11:29:00,0,0,0
quingentenary,1228617,2019-02-27T11:30:06,0,0,0
legitimised,1228618,2019-02-27T11:31:15,0,0,0
enemying,1228620,2019-02-27T11:32:27,0,0,0
pyromellitic,1228622,2019-02-27T11:33:36,0,0,0
unrenounced,1228624,2019-02-27T11:34:42,0,0,0
caconychia,1228626,2019-02-27T11:35:51,0,0,0
unclassifying,1228628,2019-02-27T11:37:00,0,0,0
takingly,1228629,2019-02-27T11:38:09,0,0,0
visitoress,1228630,2019-02-27T11:39:15,0,0,0
coenodioecism,1228640,2019-02-27T11:49:00,0,0,0
unterraced,1228644,2019-02-27T11:53:27,0,0,0
enologies,1228645,2019-02-27T11:54:33,0,0,0
practicalize,1228647,2019-02-27T11:56:45,0,0,0
hairtail,1228651,2019-02-27T12:01:06,0,0,0
nonoxidation,1228653,2019-02-27T12:02:09,0,0,0
hydrocolloidal,1228654,2019-02-27T12:03:15,0,0,0
rubricist,1228656,2019-02-27T12:05:24,0,0,0
lusciousness,1228657,2019-02-27T12:06:30,0,0,0
beshrewing,1228661,2019-02-27T12:09:54,0,0,0
teachership,1228663,2019-02-27T12:11:00,0,0,0
papelonne,1228664,2019-02-27T12:12:03,0,0,0
cartoonists,1228665,2019-02-27T12:13:09,0,0,0
semimaturity,1228666,2019-02-27T12:14:12,0,0,0
sapogenin,1228667,2019-02-27T12:15:18,0,0,0
lotuslike,1228670,2019-02-27T12:17:30,0,0,0
autacoid,1228671,2019-02-27T12:18:36,0,0,0
coequalness,1228673,2019-02-27T12:20:45,0,0,0
splenoma,1228675,2019-02-27T12:21:51,0,0,0
subtopics,1228676,2019-02-27T12:22:57,0,0,0
desubstantiate,1229847,2019-03-01T03:47:06,0,0,0
longsleever,1229881,2019-03-01T04:03:48,0,0,0
agalactia,1229892,2019-03-01T04:08:06,0,0,0
nonintercourse,1229903,2019-03-01T04:14:42,0,0,0
rebaptizing,1229929,2019-03-01T04:25:30,0,0,0
subirrigating,1229934,2019-03-01T04:27:39,0,0,0
aphlogistic,1229943,2019-03-01T04:32:03,0,0,0
adduceable,1229959,2019-03-01T04:41:48,0,0,0
melancholist,1229973,2019-03-01T04:51:30,0,0,0
frondlet,1229977,2019-03-01T04:55:48,0,0,0
nephridium,1229995,2019-03-01T05:08:21,0,0,0
spatiotemporal,1229999,2019-03-01T05:10:33,0,0,0
sicklewise,1230038,2019-03-01T05:37:45,0,0,0
merwinite,1230050,2019-03-01T05:43:57,0,0,0
disacquaint,1230058,2019-03-01T05:47:15,0,0,0
hegumenes,1230073,2019-03-01T05:57:00,0,0,0
affeerer,1230075,2019-03-01T05:58:03,0,0,0
